"name_of_data_enterer","site","site_type","zone","survey_date","observer_buddy","transect","quadrat","substrate","purple_urchin_densitym2","purple_urchin_conceiledm2","red_urchin_densitym2","red_urchin_conceiledm2","tegula_densitym2","pomaulax_densitym2","upc_articulated_coralline","upc_crustose_coralline","upc_fleshy_red","upc_dodecaceria_spp","upc_sponge","upc_bare_rock","upc_encrusting_red","upc_cup_corals","upc_other_anemone","upc_shell_debris","upc_bare_sand","upc_desmarestia_spp","upc_dictyoneurum_spp","upc_phragmatopoma","upc_hydroids","upc_colonial_tunicate","upc_stephanocystis","upc_barnacle","upc_lam_holdfast_live","upc_dead_kelp_holdfast_any","upc_bryozoan","upc_corynactis_californica","upc_red_turf_2_cm","upc_mac_holdfast_live","upc_tubeworm_other_solitary","upc_diopatra_chaetopterus","upc_sediment_mud","upc_solitary_tunicate","upc_green_algae","upc_embedded_cucumber","upc_dictyota_dictyopteris","size_purple_mean_size_cm","size_red_mean_size_cm","size_purple_sd_size_cm","size_red_sd_size_cm","density20m2_macro_plants","density20m2_macro_stipes","depth_m","density20m2_ptecal","density20m2_nerlue","density20m2_lamset","density20m2_purps_on_kelp","density20m2_cancer_spp","density20m2_lamstump"
"Autumn Universe","REC01","INCIP","Shallow",2024-08-26,"Quist; JS; RM",1,22,"Bedrock",1,0,0,0,34,0,37.5,37.5,25,0,0,0,0,0,0,0,0,0,0,0,0,0,0,0,0,0,0,0,0,0,0,0,0,0,0,0,0,3.93333333333333,6,0.883715101688537,1.68325082306035,NA,NA,NA,NA,NA,NA,NA,NA,NA
"Autumn Universe","REC01","INCIP","Shallow",2024-08-26,"Quist; JS; RM",1,24,"Bedrock",26,0,2,0,22,1,25,62.5,0,12.5,0,0,0,0,0,0,0,0,0,0,0,0,0,0,0,0,0,0,0,0,0,0,0,0,0,0,0,3.93333333333333,6,0.883715101688537,1.68325082306035,NA,NA,NA,NA,NA,NA,NA,NA,NA
"Autumn Universe","REC01","INCIP","Shallow",2024-08-26,"Quist; JS; RM",2,7,"Bedrock",9,0,5,0,4,1,25,50,12.5,0,12.5,0,0,0,0,0,0,0,0,0,0,0,0,0,0,0,0,0,0,0,0,0,0,0,0,0,0,5.0625,7,0.771902411793961,0.866025403784439,NA,NA,NA,NA,NA,NA,NA,NA,NA
"Autumn Universe","REC01","INCIP","Shallow",2024-08-26,"Quist; JS; RM",2,9,"Bedrock",6,0,2,0,24,0,12.5,62.5,12.5,0,0,12.5,0,0,0,0,0,0,0,0,0,0,0,0,0,0,0,0,0,0,0,0,0,0,0,0,0,5.0625,7,0.771902411793961,0.866025403784439,NA,NA,NA,NA,NA,NA,NA,NA,NA
"Autumn Universe","REC01","INCIP","Shallow",2024-08-26,"Quist; JS; RM",3,7,"Bedrock",13,0,0,0,26,1,0,62.5,25,0,0,0,12.5,0,0,0,0,0,0,0,0,0,0,0,0,0,0,0,0,0,0,0,0,0,0,0,0,5.2,6.5,0.774596669241483,0.849836585598797,NA,NA,NA,NA,NA,NA,NA,NA,NA
"Autumn Universe","REC01","INCIP","Shallow",2024-08-26,"Quist; JS; RM",3,9,"Bedrock",7,0,0,0,13,2,12.5,75,0,0,0,0,12.5,0,0,0,0,0,0,0,0,0,0,0,0,0,0,0,0,0,0,0,0,0,0,0,0,5.2,6.5,0.774596669241483,0.849836585598797,NA,NA,NA,NA,NA,NA,NA,NA,NA
"Autumn Universe","REC01","INCIP","Shallow",2024-08-26,"Quist; JS; RM",4,22,"Bedrock",5,0,0,0,27,1,25,50,0,0,0,0,25,0,0,0,0,0,0,0,0,0,0,0,0,0,0,0,0,0,0,0,0,0,0,0,0,5.06666666666667,6.66666666666667,0.79880863671798,0.577350269189626,NA,NA,NA,NA,NA,NA,NA,NA,NA
"Autumn Universe","REC01","INCIP","Shallow",2024-08-26,"Quist; JS; RM",4,24,"Bedrock",19,0,5,0,13,1,0,12.5,0,0,0,0,62.5,12.5,12.5,0,0,0,0,0,0,0,0,0,0,0,0,0,0,0,0,0,0,0,0,0,0,5.06666666666667,6.66666666666667,0.79880863671798,0.577350269189626,NA,NA,NA,NA,NA,NA,NA,NA,NA
"Autumn Universe","REC02","BAR","Deep",2024-08-07,"Quist; RM; JS",1,22,"Bedrock",29,0,1,1,11,0,0,75,0,0,0,0,12.5,12.5,0,0,0,0,0,0,0,0,0,0,0,0,0,0,0,0,0,0,0,0,0,0,0,5.06666666666667,8.66666666666667,0.961150104723255,1.15470053837925,NA,NA,NA,NA,NA,NA,NA,NA,NA
"Autumn Universe","REC02","BAR","Deep",2024-08-07,"Quist; RM; JS",1,24,"Bedrock",28,0,0,0,8,1,0,75,0,0,0,0,0,0,0,25,0,0,0,0,0,0,0,0,0,0,0,0,0,0,0,0,0,0,0,0,0,5.06666666666667,8.66666666666667,0.961150104723255,1.15470053837925,NA,NA,NA,NA,NA,NA,NA,NA,NA
"Autumn Universe","REC02","BAR","Deep",2024-08-07,"Quist; RM; JS",2,7,"Bedrock",24,0,0,0,11,0,0,75,0,0,0,0,25,0,0,0,0,0,0,0,0,0,0,0,0,0,0,0,0,0,0,0,0,0,0,0,0,3.86666666666667,7.25,0.915475416434127,3.09569593683445,NA,NA,NA,NA,NA,NA,NA,NA,NA
"Autumn Universe","REC02","BAR","Deep",2024-08-07,"Quist; RM; JS",2,9,"Bedrock",32,0,4,0,13,1,0,62.5,0,0,0,0,25,12.5,0,0,0,0,0,0,0,0,0,0,0,0,0,0,0,0,0,0,0,0,0,0,0,3.86666666666667,7.25,0.915475416434127,3.09569593683445,NA,NA,NA,NA,NA,NA,NA,NA,NA
"Autumn Universe","REC02","BAR","Deep",2024-08-07,"Quist; RM; JS",3,7,"Bedrock",30,0,2,0,4,1,0,50,0,0,0,0,50,0,0,0,0,0,0,0,0,0,0,0,0,0,0,0,0,0,0,0,0,0,0,0,0,3.9,7.16666666666667,0.911909506128991,1.16904519445001,NA,NA,NA,NA,NA,NA,NA,NA,NA
"Autumn Universe","REC02","BAR","Deep",2024-08-07,"Quist; RM; JS",3,9,"Boulder",62,0,2,0,8,0,0,62.5,0,0,0,0,12.5,0,0,25,0,0,0,0,0,0,0,0,0,0,0,0,0,0,0,0,0,0,0,0,0,3.9,7.16666666666667,0.911909506128991,1.16904519445001,NA,NA,NA,NA,NA,NA,NA,NA,NA
"Autumn Universe","REC02","BAR","Deep",2024-08-07,"Quist; RM; JS",4,22,"Boulder",44,0,1,0,12,0,0,87.5,0,0,0,0,12.5,0,0,0,0,0,0,0,0,0,0,0,0,0,0,0,0,0,0,0,0,0,0,0,0,4.38461538461539,5.5,0.869718492622904,1.7606816861659,NA,NA,NA,NA,NA,NA,NA,NA,NA
"Autumn Universe","REC02","BAR","Deep",2024-08-07,"Quist; RM; JS",4,24,"Bedrock",22,0,1,0,12,0,0,62.5,0,0,0,0,25,0,0,0,12.5,0,0,0,0,0,0,0,0,0,0,0,0,0,0,0,0,0,0,0,0,4.38461538461539,5.5,0.869718492622904,1.7606816861659,NA,NA,NA,NA,NA,NA,NA,NA,NA
"Autumn Universe","REC02","BAR","Deep",2024-08-07,"Smith; Mendez; Quist",1,26,"Bedrock",28,0,1,0,6,2,0,87.5,0,0,0,0,12.5,0,0,0,0,0,0,0,0,0,0,0,0,0,0,0,0,0,0,0,0,0,0,0,0,5.06666666666667,8.66666666666667,0.961150104723255,1.15470053837925,NA,NA,NA,NA,NA,NA,NA,NA,NA
"Autumn Universe","REC02","BAR","Deep",2024-08-07,"Smith; Mendez; Quist",1,28,"Bedrock",12,0,3,3,3,0,0,75,0,0,0,0,25,0,0,0,0,0,0,0,0,0,0,0,0,0,0,0,0,0,0,0,0,0,0,0,0,5.06666666666667,8.66666666666667,0.961150104723255,1.15470053837925,NA,NA,NA,NA,NA,NA,NA,NA,NA
"Autumn Universe","REC02","BAR","Deep",2024-08-07,"Smith; Mendez; Quist",2,11,"Bedrock",5,0,0,0,5,1,0,87.5,0,0,0,0,12.5,0,0,0,0,0,0,0,0,0,0,0,0,0,0,0,0,0,0,0,0,0,0,0,0,3.86666666666667,7.25,0.915475416434127,3.09569593683445,NA,NA,NA,NA,NA,NA,NA,NA,NA
"Autumn Universe","REC02","BAR","Deep",2024-08-07,"Smith; Mendez; Quist",2,13,"Bedrock",22,0,0,0,5,4,0,75,0,0,0,0,25,0,0,0,0,0,0,0,0,0,0,0,0,0,0,0,0,0,0,0,0,0,0,0,0,3.86666666666667,7.25,0.915475416434127,3.09569593683445,NA,NA,NA,NA,NA,NA,NA,NA,NA
"Autumn Universe","REC02","BAR","Deep",2024-08-07,"Smith; Mendez; Quist",3,11,"Bedrock",26,0,0,0,3,1,0,100,0,0,0,0,0,0,0,0,0,0,0,0,0,0,0,0,0,0,0,0,0,0,0,0,0,0,0,0,0,3.9,7.16666666666667,0.911909506128991,1.16904519445001,NA,NA,NA,NA,NA,NA,NA,NA,NA
"Autumn Universe","REC02","BAR","Deep",2024-08-07,"Smith; Mendez; Quist",3,13,"Bedrock",46,0,0,0,3,2,0,100,0,0,0,0,0,0,0,0,0,0,0,0,0,0,0,0,0,0,0,0,0,0,0,0,0,0,0,0,0,3.9,7.16666666666667,0.911909506128991,1.16904519445001,NA,NA,NA,NA,NA,NA,NA,NA,NA
"Autumn Universe","REC02","BAR","Deep",2024-08-07,"Smith; Mendez; Quist",4,26,"Bedrock",16,0,3,0,6,2,0,87.5,0,0,0,0,12.5,0,0,0,0,0,0,0,0,0,0,0,0,0,0,0,0,0,0,0,0,0,0,0,0,4.38461538461539,5.5,0.869718492622904,1.7606816861659,NA,NA,NA,NA,NA,NA,NA,NA,NA
"Autumn Universe","REC02","BAR","Deep",2024-08-07,"Smith; Mendez; Quist",4,28,"Bedrock",20,0,1,0,4,3,0,100,0,0,0,0,0,0,0,0,0,0,0,0,0,0,0,0,0,0,0,0,0,0,0,0,0,0,0,0,0,4.38461538461539,5.5,0.869718492622904,1.7606816861659,NA,NA,NA,NA,NA,NA,NA,NA,NA
"Autumn Universe","REC02","BAR","Shallow",2024-08-05,"CQ; AM; RM",1,22,"Bedrock",17,0,0,0,16,0,25,12.5,0,12.5,12.5,0,0,0,0,0,0,37.5,0,0,0,0,0,0,0,0,0,0,0,0,0,0,0,0,0,0,0,4.6,NA,1.12122382116278,NA,NA,NA,7.9248,5,0,2,0,0,0
"Autumn Universe","REC02","BAR","Shallow",2024-08-05,"CQ; AM; RM",1,24,"Bedrock",7,5,0,0,26,0,62.5,12.5,0,0,0,0,0,0,0,0,0,25,0,0,0,0,0,0,0,0,0,0,0,0,0,0,0,0,0,0,0,4.6,NA,1.12122382116278,NA,NA,NA,7.9248,5,0,2,0,0,0
"Autumn Universe","REC02","BAR","Shallow",2024-08-05,"CQ; AM; RM",2,7,"Bedrock",70,0,0,0,34,3,12.5,37.5,12.5,12.5,0,0,12.5,0,0,0,0,0,12.5,0,0,0,0,0,0,0,0,0,0,0,0,0,0,0,0,0,0,4.36842105263158,NA,1.01162829777814,NA,NA,NA,7.9248,5,0,0,0,0,0
"Autumn Universe","REC02","BAR","Shallow",2024-08-05,"CQ; AM; RM",2,9,"Bedrock",66,0,0,0,23,1,12.5,25,12.5,0,0,0,25,0,0,0,0,0,12.5,12.5,0,0,0,0,0,0,0,0,0,0,0,0,0,0,0,0,0,4.36842105263158,NA,1.01162829777814,NA,NA,NA,7.9248,5,0,0,0,0,0
"Autumn Universe","REC02","BAR","Shallow",2024-08-05,"Drew; CQ; RM",1,26,"Bedrock",74,24,0,0,2,0,25,0,50,12.5,0,0,0,0,0,0,0,0,0,0,12.5,0,0,0,0,0,0,0,0,0,0,0,0,0,0,0,0,4.6,NA,1.12122382116278,NA,NA,NA,7.9248,5,0,2,0,0,0
"Autumn Universe","REC02","BAR","Shallow",2024-08-05,"Drew; CQ; RM",1,28,"Bedrock",28,15,1,0,4,0,12.5,25,62.5,0,0,0,0,0,0,0,0,0,0,0,0,0,0,0,0,0,0,0,0,0,0,0,0,0,0,0,0,4.6,NA,1.12122382116278,NA,NA,NA,7.9248,5,0,2,0,0,0
"Autumn Universe","REC02","BAR","Shallow",2024-08-05,"Drew; CQ; RM",2,11,"Bedrock",47,5,0,0,21,0,0,12.5,0,50,0,0,25,0,0,0,0,0,0,0,0,12.5,0,0,0,0,0,0,0,0,0,0,0,0,0,0,0,4.36842105263158,NA,1.01162829777814,NA,NA,NA,7.9248,5,0,0,0,0,0
"Autumn Universe","REC02","BAR","Shallow",2024-08-05,"Drew; CQ; RM",2,13,"Bedrock",68,10,0,0,5,2,0,12.5,0,50,0,0,0,0,0,0,0,25,0,0,0,0,12.5,0,0,0,0,0,0,0,0,0,0,0,0,0,0,4.36842105263158,NA,1.01162829777814,NA,NA,NA,7.9248,5,0,0,0,0,0
"Autumn Universe","REC02","BAR","Shallow",2024-08-05,"Morgan; Quist; Mendez",3,11,"Bedrock",36,5,0,0,3,3,12.5,62.5,0,0,0,0,25,0,0,0,0,0,0,0,0,0,0,0,0,0,0,0,0,0,0,0,0,0,0,0,0,4.6875,6,1.49303940559741,2.82842712474619,NA,NA,NA,NA,NA,NA,NA,NA,NA
"Autumn Universe","REC02","BAR","Shallow",2024-08-05,"Morgan; Quist; Mendez",3,13,"Bedrock",74,40,0,0,5,0,12.5,62.5,0,0,0,0,25,0,0,0,0,0,0,0,0,0,0,0,0,0,0,0,0,0,0,0,0,0,0,0,0,4.6875,6,1.49303940559741,2.82842712474619,NA,NA,NA,NA,NA,NA,NA,NA,NA
"Autumn Universe","REC02","BAR","Shallow",2024-08-05,"Morgan; Quist; Mendez",4,26,"Bedrock",23,3,0,0,0,1,0,75,12.5,0,0,0,0,12.5,0,0,0,0,0,0,0,0,0,0,0,0,0,0,0,0,0,0,0,0,0,0,0,5.375,8.4,1.40830867828517,0.894427190999916,NA,NA,NA,NA,NA,NA,NA,NA,NA
"Autumn Universe","REC02","BAR","Shallow",2024-08-05,"Morgan; Quist; Mendez",4,28,"Bedrock",19,3,1,0,6,1,0,50,0,37.5,0,0,0,12.5,0,0,0,0,0,0,0,0,0,0,0,0,0,0,0,0,0,0,0,0,0,0,0,5.375,8.4,1.40830867828517,0.894427190999916,NA,NA,NA,NA,NA,NA,NA,NA,NA
"Autumn Universe","REC02","BAR","Shallow",2024-08-05,"Quist; Mendez; Morgan",3,7,"Bedrock",6,0,0,0,35,1,37.5,50,0,0,0,0,0,0,0,0,0,0,0,12.5,0,0,0,0,0,0,0,0,0,0,0,0,0,0,0,0,0,4.6875,6,1.49303940559741,2.82842712474619,NA,NA,NA,NA,NA,NA,NA,NA,NA
"Autumn Universe","REC02","BAR","Shallow",2024-08-05,"Quist; Mendez; Morgan",3,9,"Bedrock",26,0,0,0,32,0,0,87.5,0,0,0,0,12.5,0,0,0,0,0,0,0,0,0,0,0,0,0,0,0,0,0,0,0,0,0,0,0,0,4.6875,6,1.49303940559741,2.82842712474619,NA,NA,NA,NA,NA,NA,NA,NA,NA
"Autumn Universe","REC02","BAR","Shallow",2024-08-05,"Quist; Mendez; Morgan",4,22,"Bedrock",20,0,0,0,14,1,12.5,75,0,0,0,0,0,12.5,0,0,0,0,0,0,0,0,0,0,0,0,0,0,0,0,0,0,0,0,0,0,0,5.375,8.4,1.40830867828517,0.894427190999916,NA,NA,NA,NA,NA,NA,NA,NA,NA
"Autumn Universe","REC02","BAR","Shallow",2024-08-05,"Quist; Mendez; Morgan",4,24,"Bedrock",12,0,1,0,9,0,0,50,0,12.5,0,0,0,0,0,0,0,0,0,0,0,0,0,37.5,0,0,0,0,0,0,0,0,0,0,0,0,0,5.375,8.4,1.40830867828517,0.894427190999916,NA,NA,NA,NA,NA,NA,NA,NA,NA
"Autumn Universe","REC02","INCIP","Deep",2024-08-07,"Quist; Mendez;Smith",1,26,"Bedrock",1,1,0,0,5,0,0,12.5,12.5,0,0,0,0,0,0,0,0,0,50,0,0,0,12.5,0,12.5,0,0,0,0,0,0,0,0,0,0,0,0,5,8.25,1.25356634105602,0.957427107756338,NA,NA,NA,NA,NA,NA,NA,NA,NA
"Autumn Universe","REC02","INCIP","Deep",2024-08-07,"Quist; Mendez;Smith",1,28,"Bedrock",11,8,2,2,6,0,0,37.5,0,0,0,0,0,0,0,0,0,62.5,0,0,0,0,0,0,0,0,0,0,0,0,0,0,0,0,0,0,0,5,8.25,1.25356634105602,0.957427107756338,NA,NA,NA,NA,NA,NA,NA,NA,NA
"Autumn Universe","REC02","INCIP","Deep",2024-08-07,"Quist; Mendez;Smith",2,11,"Bedrock",21,11,0,0,1,0,0,87.5,12.5,0,0,0,0,0,0,0,0,0,0,0,0,0,0,0,0,0,0,0,0,0,0,0,0,0,0,0,0,5.1578947368421,6,1.21395395733377,NA,NA,NA,NA,NA,NA,NA,NA,NA,NA
"Autumn Universe","REC02","INCIP","Deep",2024-08-07,"Quist; Mendez;Smith",2,13,"Bedrock",41,10,0,0,4,1,0,50,0,0,0,0,12.5,0,0,0,0,12.5,0,0,0,0,12.5,0,12.5,0,0,0,0,0,0,0,0,0,0,0,0,5.1578947368421,6,1.21395395733377,NA,NA,NA,NA,NA,NA,NA,NA,NA,NA
"Autumn Universe","REC02","INCIP","Deep",2024-08-07,"Quist; Mendez;Smith",3,11,"Bedrock",8,6,0,0,6,0,0,75,0,0,0,0,0,0,0,0,0,0,12.5,0,0,0,12.5,0,0,0,0,0,0,0,0,0,0,0,0,0,0,5.33333333333333,NA,1.17513930278601,NA,NA,NA,NA,NA,NA,NA,NA,NA,NA
"Autumn Universe","REC02","INCIP","Deep",2024-08-07,"Quist; Mendez;Smith",3,13,"Bedrock",12,9,0,0,15,0,0,25,0,0,0,0,0,0,0,0,0,50,0,0,0,0,12.5,0,12.5,0,0,0,0,0,0,0,0,0,0,0,0,5.33333333333333,NA,1.17513930278601,NA,NA,NA,NA,NA,NA,NA,NA,NA,NA
"Autumn Universe","REC02","INCIP","Deep",2024-08-07,"Quist; Mendez;Smith",4,26,"Bedrock",9,8,0,0,4,2,0,37.5,0,0,0,0,0,0,0,0,0,50,0,0,0,0,0,12.5,0,0,0,0,0,0,0,0,0,0,0,0,0,4.46666666666667,NA,1.06009882737862,NA,NA,NA,NA,NA,NA,NA,NA,NA,NA
"Autumn Universe","REC02","INCIP","Deep",2024-08-07,"Quist; Mendez;Smith",4,28,"Bedrock",17,10,0,0,4,1,12.5,25,0,0,0,0,0,0,0,0,0,50,12.5,0,0,0,0,0,0,0,0,0,0,0,0,0,0,0,0,0,0,4.46666666666667,NA,1.06009882737862,NA,NA,NA,NA,NA,NA,NA,NA,NA,NA
"Autumn Universe","REC02","INCIP","Deep",2024-08-07,"Quist; RM; JS",1,22,"Bedrock",16,0,0,0,18,3,12.5,75,0,0,0,0,0,0,0,0,0,0,0,0,0,0,0,0,0,12.5,0,0,0,0,0,0,0,0,0,0,0,5,8.25,1.25356634105602,0.957427107756338,NA,NA,NA,NA,NA,NA,NA,NA,NA
"Autumn Universe","REC02","INCIP","Deep",2024-08-07,"Quist; RM; JS",1,24,"Bedrock",14,0,0,0,11,2,12.5,75,0,0,0,0,0,0,0,0,0,12.5,0,0,0,0,0,0,0,0,0,0,0,0,0,0,0,0,0,0,0,5,8.25,1.25356634105602,0.957427107756338,NA,NA,NA,NA,NA,NA,NA,NA,NA
"Autumn Universe","REC02","INCIP","Deep",2024-08-07,"Quist; RM; JS",2,7,"Bedrock",66,0,0,0,11,3,0,25,0,0,0,0,0,0,0,0,25,0,0,0,0,0,25,12.5,12.5,0,0,0,0,0,0,0,0,0,0,0,0,5.1578947368421,6,1.21395395733377,NA,NA,NA,NA,NA,NA,NA,NA,NA,NA
"Autumn Universe","REC02","INCIP","Deep",2024-08-07,"Quist; RM; JS",2,9,"Bedrock",11,0,0,0,16,5,0,37.5,0,0,0,0,0,0,0,0,0,12.5,0,0,0,0,12.5,0,37.5,0,0,0,0,0,0,0,0,0,0,0,0,5.1578947368421,6,1.21395395733377,NA,NA,NA,NA,NA,NA,NA,NA,NA,NA
"Autumn Universe","REC02","INCIP","Shallow",2024-08-07,"Drew; CQ; RM",1,26,"Bedrock",2,0,0,0,5,1,0,25,0,0,0,0,25,0,0,0,12.5,0,0,0,0,0,0,0,37.5,0,0,0,0,0,0,0,0,0,0,0,0,5.13333333333333,NA,1.55226409142382,NA,NA,NA,NA,NA,NA,NA,NA,NA,NA
"Autumn Universe","REC02","INCIP","Shallow",2024-08-07,"Drew; CQ; RM",1,28,"Bedrock",0,0,0,0,14,2,75,0,0,0,0,0,12.5,0,0,0,0,0,0,0,0,0,0,0,12.5,0,0,0,0,0,0,0,0,0,0,0,0,5.13333333333333,NA,1.55226409142382,NA,NA,NA,NA,NA,NA,NA,NA,NA,NA
"Autumn Universe","REC02","INCIP","Shallow",2024-08-07,"Drew; CQ; RM",2,11,"Bedrock",4,2,0,0,18,0,50,0,25,0,0,0,0,0,0,0,0,25,0,0,0,0,0,0,0,0,0,0,0,0,0,0,0,0,0,0,0,5.26666666666667,NA,1.22279928657082,NA,NA,NA,NA,NA,NA,NA,NA,NA,NA
"Autumn Universe","REC02","INCIP","Shallow",2024-08-07,"Drew; CQ; RM",2,13,"Bedrock",4,0,0,0,5,3,50,12.5,0,0,0,0,12.5,0,0,0,0,0,0,0,0,12.5,0,0,12.5,0,0,0,0,0,0,0,0,0,0,0,0,5.26666666666667,NA,1.22279928657082,NA,NA,NA,NA,NA,NA,NA,NA,NA,NA
"Autumn Universe","REC02","INCIP","Shallow",2024-08-07,"Drew; CQ; RM",3,11,"Bedrock",0,0,0,0,23,5,87.5,0,12.5,0,0,0,0,0,0,0,0,0,0,0,0,0,0,0,0,0,0,0,0,0,0,0,0,0,0,0,0,4.33333333333333,NA,0.5,NA,NA,NA,NA,NA,NA,NA,NA,NA,NA
"Autumn Universe","REC02","INCIP","Shallow",2024-08-07,"Drew; CQ; RM",3,13,"Bedrock",1,0,0,0,33,4,75,0,0,0,0,0,0,0,0,0,0,0,0,25,0,0,0,0,0,0,0,0,0,0,0,0,0,0,0,0,0,4.33333333333333,NA,0.5,NA,NA,NA,NA,NA,NA,NA,NA,NA,NA
"Autumn Universe","REC02","INCIP","Shallow",2024-08-07,"Drew; CQ; RM",4,26,"Bedrock",0,0,0,0,15,1,12.5,62.5,0,0,0,0,0,0,0,0,0,0,0,25,0,0,0,0,0,0,0,0,0,0,0,0,0,0,0,0,0,4.44444444444444,NA,0.52704627669473,NA,NA,NA,NA,NA,NA,NA,NA,NA,NA
"Autumn Universe","REC02","INCIP","Shallow",2024-08-07,"Drew; CQ; RM",4,28,"Bedrock",0,0,0,0,1,0,50,12.5,0,0,0,0,12.5,0,0,0,0,0,0,12.5,0,0,0,0,12.5,0,0,0,0,0,0,0,0,0,0,0,0,4.44444444444444,NA,0.52704627669473,NA,NA,NA,NA,NA,NA,NA,NA,NA,NA
"Autumn Universe","REC02","INCIP","Shallow",2024-08-07,"Quist; RM; AM",1,22,"Bedrock",4,0,0,0,23,0,12.5,37.5,25,0,0,0,0,0,0,0,0,25,0,0,0,0,0,0,0,0,0,0,0,0,0,0,0,0,0,0,0,5.13333333333333,NA,1.55226409142382,NA,NA,NA,NA,NA,NA,NA,NA,NA,NA
"Autumn Universe","REC02","INCIP","Shallow",2024-08-07,"Quist; RM; AM",1,24,"Bedrock",7,0,0,0,11,0,50,12.5,0,0,0,0,0,0,0,0,0,12.5,0,12.5,0,0,0,0,12.5,0,0,0,0,0,0,0,0,0,0,0,0,5.13333333333333,NA,1.55226409142382,NA,NA,NA,NA,NA,NA,NA,NA,NA,NA
"Autumn Universe","REC02","INCIP","Shallow",2024-08-07,"Quist; RM; AM",2,7,"Bedrock",8,0,0,0,12,0,25,0,75,0,0,0,0,0,0,0,0,0,0,0,0,0,0,0,0,0,0,0,0,0,0,0,0,0,0,0,0,5.26666666666667,NA,1.22279928657082,NA,NA,NA,NA,NA,NA,NA,NA,NA,NA
"Autumn Universe","REC02","INCIP","Shallow",2024-08-07,"Quist; RM; AM",2,9,"Bedrock",6,6,0,0,5,0,25,0,12.5,0,25,0,0,0,0,0,0,12.5,0,0,12.5,0,0,0,0,0,12.5,0,0,0,0,0,0,0,0,0,0,5.26666666666667,NA,1.22279928657082,NA,NA,NA,NA,NA,NA,NA,NA,NA,NA
"Autumn Universe","REC02","INCIP","Shallow",2024-08-07,"Quist; RM; AM",3,7,"Bedrock",2,2,0,0,12,0,62.5,12.5,0,0,12.5,0,12.5,0,0,0,0,0,0,0,0,0,0,0,0,0,0,0,0,0,0,0,0,0,0,0,0,4.33333333333333,NA,0.5,NA,NA,NA,NA,NA,NA,NA,NA,NA,NA
"Autumn Universe","REC02","INCIP","Shallow",2024-08-07,"Quist; RM; AM",3,9,"Bedrock",3,3,0,0,26,1,75,0,12.5,0,0,0,12.5,0,0,0,0,0,0,0,0,0,0,0,0,0,0,0,0,0,0,0,0,0,0,0,0,4.33333333333333,NA,0.5,NA,NA,NA,NA,NA,NA,NA,NA,NA,NA
"Autumn Universe","REC02","INCIP","Shallow",2024-08-07,"Quist; RM; AM",4,22,"Bedrock",4,4,0,0,15,1,75,0,12.5,0,0,0,0,0,0,0,0,0,0,0,0,0,12.5,0,0,0,0,0,0,0,0,0,0,0,0,0,0,4.44444444444444,NA,0.52704627669473,NA,NA,NA,NA,NA,NA,NA,NA,NA,NA
"Autumn Universe","REC02","INCIP","Shallow",2024-08-07,"Quist; RM; AM",4,24,"Sand",0,0,0,0,16,2,25,12.5,12.5,0,0,0,12.5,0,0,0,25,0,0,0,0,0,12.5,0,0,0,0,0,0,0,0,0,0,0,0,0,0,4.44444444444444,NA,0.52704627669473,NA,NA,NA,NA,NA,NA,NA,NA,NA,NA
"Caleigh Quist","REC01","BAR","Shallow",2024-08-19,"Smith; Mendez; Quist",1,26,"Bedrock",14,0,3,2,6,1,12.5,87.5,0,0,0,0,0,0,0,0,0,0,0,0,0,0,0,0,0,0,0,0,0,0,0,0,0,0,0,0,0,4.8125,6.375,1.10867789130417,2.61520280557469,NA,NA,12.4968,0,0,0,1,0,0
"Caleigh Quist","REC01","BAR","Shallow",2024-08-19,"Smith; Mendez; Quist",1,28,"Bedrock",14,0,4,4,10,0,0,75,0,0,0,12.5,12.5,0,0,0,0,0,0,0,0,0,0,0,0,0,0,0,0,0,0,0,0,0,0,0,0,4.8125,6.375,1.10867789130417,2.61520280557469,NA,NA,12.4968,0,0,0,1,0,0
"Caleigh Quist","REC01","BAR","Shallow",2024-08-19,"Smith; Mendez; Quist",2,11,"Bedrock",37,0,1,0,8,4,0,37.5,25,0,0,12.5,12.5,0,0,0,0,0,0,0,0,12.5,0,0,0,0,0,0,0,0,0,0,0,0,0,0,0,4.93333333333333,6.73333333333333,0.883715101688537,1.38701460836198,NA,NA,NA,NA,NA,NA,NA,NA,NA
"Caleigh Quist","REC01","BAR","Shallow",2024-08-19,"Smith; Mendez; Quist",2,13,"Bedrock",25,0,4,2,9,2,0,62.5,0,0,0,12.5,0,0,0,0,0,0,0,0,0,0,25,0,0,0,0,0,0,0,0,0,0,0,0,0,0,4.93333333333333,6.73333333333333,0.883715101688537,1.38701460836198,NA,NA,NA,NA,NA,NA,NA,NA,NA
"Caleigh Quist","REC01","BAR","Shallow",2024-08-19,"Smith; Mendez; Quist",3,11,"Bedrock",29,0,2,0,14,2,25,62.5,0,0,0,0,0,0,0,0,0,0,0,0,0,0,12.5,0,0,0,0,0,0,0,0,0,0,0,0,0,0,4.73333333333333,6.66666666666667,1.16291915126588,2.10338831988828,NA,NA,NA,NA,NA,NA,NA,NA,NA
"Caleigh Quist","REC01","BAR","Shallow",2024-08-19,"Smith; Mendez; Quist",3,13,"Bedrock",34,0,10,4,9,0,25,62.5,0,12.5,0,0,0,0,0,0,0,0,0,0,0,0,0,0,0,0,0,0,0,0,0,0,0,0,0,0,0,4.73333333333333,6.66666666666667,1.16291915126588,2.10338831988828,NA,NA,NA,NA,NA,NA,NA,NA,NA
"Caleigh Quist","REC01","BAR","Shallow",2024-08-19,"Smith; Mendez; Quist",4,26,"Bedrock",15,0,2,2,10,1,0,50,0,0,0,25,25,0,0,0,0,0,0,0,0,0,0,0,0,0,0,0,0,0,0,0,0,0,0,0,0,4.66666666666667,7.6,0.975900072948533,2.17050941281329,NA,NA,NA,NA,NA,NA,NA,NA,NA
"Caleigh Quist","REC01","BAR","Shallow",2024-08-19,"Smith; Mendez; Quist",4,28,"Bedrock",13,0,3,0,6,2,0,87.5,0,0,0,0,12.5,0,0,0,0,0,0,0,0,0,0,0,0,0,0,0,0,0,0,0,0,0,0,0,0,4.66666666666667,7.6,0.975900072948533,2.17050941281329,NA,NA,NA,NA,NA,NA,NA,NA,NA
"Caleigh Quist","REC03","BAR","Shallow",2024-06-25,"Mendez; Morgan;Smith",1,22,"Cobble",0,0,0,0,3,1,0,37.5,0,0,0,0,0,0,0,0,62.5,0,0,0,0,0,0,0,0,0,0,0,0,0,0,0,0,0,0,0,0,4,NA,1.4142135623731,NA,4,1.75,9.144,30,14,0,0,0,0
"Caleigh Quist","REC03","BAR","Shallow",2024-06-25,"Mendez; Morgan;Smith",1,24,"Cobble",0,0,0,0,2,2,0,62.5,0,0,0,0,0,0,0,0,37.5,0,0,0,0,0,0,0,0,0,0,0,0,0,0,0,0,0,0,0,0,4,NA,1.4142135623731,NA,4,1.75,9.144,30,14,0,0,0,0
"Caleigh Quist","REC03","BAR","Shallow",2024-06-25,"Mendez; Morgan;Smith",2,7,"Bedrock",1,0,0,0,4,0,0,100,0,0,0,0,0,0,0,0,0,0,0,0,0,0,0,0,0,0,0,0,0,0,0,0,0,0,0,0,0,3,NA,1.26491106406735,NA,2,2,8.8392,30,23,0,0,0,0
"Caleigh Quist","REC03","BAR","Shallow",2024-06-25,"Mendez; Morgan;Smith",2,9,"Bedrock",0,0,0,0,9,4,0,37.5,12.5,0,0,0,0,0,12.5,0,25,0,0,0,0,0,0,0,0,0,0,12.5,0,0,0,0,0,0,0,0,0,3,NA,1.26491106406735,NA,2,2,8.8392,30,23,0,0,0,0
"Caleigh Quist","REC03","BAR","Shallow",2024-06-25,"Mendez; Morgan;Smith",3,7,"Bedrock",1,1,0,0,7,0,0,62.5,0,0,0,25,0,0,0,0,0,0,0,0,0,0,0,0,0,0,0,0,12.5,0,0,0,0,0,0,0,0,3.30769230769231,NA,0.947330933431342,NA,3,2.33333333333333,9.144,7,25,0,0,0,0
"Caleigh Quist","REC03","BAR","Shallow",2024-06-25,"Mendez; Morgan;Smith",3,9,"Bedrock",1,1,0,0,3,2,0,87.5,12.5,0,0,0,0,0,0,0,0,0,0,0,0,0,0,0,0,0,0,0,0,0,0,0,0,0,0,0,0,3.30769230769231,NA,0.947330933431342,NA,3,2.33333333333333,9.144,7,25,0,0,0,0
"Caleigh Quist","REC03","BAR","Shallow",2024-06-25,"Mendez; Morgan;Smith",4,22,"Boulder",0,0,0,0,3,9,0,100,0,0,0,0,0,0,0,0,0,0,0,0,0,0,0,0,0,0,0,0,0,0,0,0,0,0,0,0,0,NA,NA,NA,NA,NA,NA,10.0584,3,1,0,0,0,0
"Caleigh Quist","REC03","BAR","Shallow",2024-06-25,"Mendez; Morgan;Smith",4,24,"Cobble",0,0,0,0,2,0,12.5,62.5,0,0,0,12.5,0,0,0,0,12.5,0,0,0,0,0,0,0,0,0,0,0,0,0,0,0,0,0,0,0,0,NA,NA,NA,NA,NA,NA,10.0584,3,1,0,0,0,0
"Caleigh Quist","REC03","BAR","Shallow",2024-06-25,"Smith;Mendez:Morgan",1,26,"Bedrock",3,3,0,0,2,0,25,25,12.5,0,0,0,12.5,0,0,0,0,0,0,0,0,0,12.5,0,0,0,0,0,0,12.5,0,0,0,0,0,0,0,4,NA,1.4142135623731,NA,4,1.75,9.144,30,14,0,0,0,0
"Caleigh Quist","REC03","BAR","Shallow",2024-06-25,"Smith;Mendez:Morgan",1,28,"Boulder",0,0,0,0,0,0,0,75,0,0,0,0,12.5,0,0,12.5,0,0,0,0,0,0,0,0,0,0,0,0,0,0,0,0,0,0,0,0,0,4,NA,1.4142135623731,NA,4,1.75,9.144,30,14,0,0,0,0
"Caleigh Quist","REC03","BAR","Shallow",2024-06-25,"Smith;Mendez:Morgan",2,11,"Bedrock",0,0,0,0,0,1,0,62.5,0,0,0,12.5,12.5,0,0,0,0,0,0,0,0,0,0,0,12.5,0,0,0,0,0,0,0,0,0,0,0,0,3,NA,1.26491106406735,NA,2,2,8.8392,30,23,0,0,0,0
"Caleigh Quist","REC03","BAR","Shallow",2024-06-25,"Smith;Mendez:Morgan",2,13,"Bedrock",3,3,0,0,3,0,0,75,0,0,0,0,12.5,0,0,0,0,12.5,0,0,0,0,0,0,0,0,0,0,0,0,0,0,0,0,0,0,0,3,NA,1.26491106406735,NA,2,2,8.8392,30,23,0,0,0,0
"Caleigh Quist","REC03","BAR","Shallow",2024-06-25,"Smith;Mendez:Morgan",3,11,"Bedrock",3,3,0,0,9,0,0,87.5,12.5,0,0,0,0,0,0,0,0,0,0,0,0,0,0,0,0,0,0,0,0,0,0,0,0,0,0,0,0,3.30769230769231,NA,0.947330933431342,NA,3,2.33333333333333,9.144,7,25,0,0,0,0
"Caleigh Quist","REC03","BAR","Shallow",2024-06-25,"Smith;Mendez:Morgan",3,13,"Bedrock",1,1,0,0,1,0,0,25,12.5,0,0,0,0,0,0,0,0,37.5,0,0,0,0,0,0,12.5,0,0,0,0,12.5,0,0,0,0,0,0,0,3.30769230769231,NA,0.947330933431342,NA,3,2.33333333333333,9.144,7,25,0,0,0,0
"Caleigh Quist","REC03","BAR","Shallow",2024-06-25,"Smith;Mendez:Morgan",4,26,"Bedrock",0,0,0,0,2,0,0,62.5,0,0,0,0,0,0,0,0,0,37.5,0,0,0,0,0,0,0,0,0,0,0,0,0,0,0,0,0,0,0,NA,NA,NA,NA,NA,NA,10.0584,3,1,0,0,0,0
"Caleigh Quist","REC03","BAR","Shallow",2024-06-25,"Smith;Mendez:Morgan",4,28,"Boulder",0,0,0,0,0,0,0,37.5,0,0,0,0,0,0,0,0,62.5,0,0,0,0,0,0,0,0,0,0,0,0,0,0,0,0,0,0,0,0,NA,NA,NA,NA,NA,NA,10.0584,3,1,0,0,0,0
"Caleigh Quist","REC03","FOR","Deep",2024-07-02,"Mendez;Quist:Smith",1,22,"Bedrock",0,0,0,0,3,1,0,12.5,62.5,0,0,0,25,0,0,0,0,0,0,0,0,0,0,0,0,0,0,0,0,0,0,0,0,0,0,0,0,3.625,5.25,0.885061203156784,1.16496474502144,7,5.71428571428571,8.2296,0,2,0,0,0,0
"Caleigh Quist","REC03","FOR","Deep",2024-07-02,"Mendez;Quist:Smith",1,24,"Bedrock",0,0,0,0,3,5,62.5,25,12.5,0,0,0,0,0,0,0,0,0,0,0,0,0,0,0,0,0,0,0,0,0,0,0,0,0,0,0,0,3.625,5.25,0.885061203156784,1.16496474502144,7,5.71428571428571,8.2296,0,2,0,0,0,0
"Caleigh Quist","REC03","FOR","Deep",2024-07-02,"Mendez;Quist:Smith",2,7,"Bedrock",2,2,0,0,4,0,0,37.5,37.5,0,0,0,12.5,0,12.5,0,0,0,0,0,0,0,0,0,0,0,0,0,0,0,0,0,0,0,0,0,0,4.2,6,1.32017314881691,1.29099444873581,NA,NA,NA,NA,NA,NA,NA,NA,NA
"Caleigh Quist","REC03","FOR","Deep",2024-07-02,"Mendez;Quist:Smith",2,9,"Bedrock",4,1,0,0,2,1,50,25,25,0,0,0,0,0,0,0,0,0,0,0,0,0,0,0,0,0,0,0,0,0,0,0,0,0,0,0,0,4.2,6,1.32017314881691,1.29099444873581,NA,NA,NA,NA,NA,NA,NA,NA,NA
"Caleigh Quist","REC03","FOR","Deep",2024-07-02,"Mendez;Quist:Smith",3,7,"Boulder",0,0,0,0,2,0,0,50,0,0,0,0,0,0,0,0,50,0,0,0,0,0,0,0,0,0,0,0,0,0,0,0,0,0,0,0,0,3.30769230769231,NA,1.03155347127648,NA,3,2,12.192,0,1,0,0,0,0
"Caleigh Quist","REC03","FOR","Deep",2024-07-02,"Mendez;Quist:Smith",3,9,"Bedrock",2,2,0,0,4,0,25,62.5,0,0,0,0,12.5,0,0,0,0,0,0,0,0,0,0,0,0,0,0,0,0,0,0,0,0,0,0,0,0,3.30769230769231,NA,1.03155347127648,NA,3,2,12.192,0,1,0,0,0,0
"Caleigh Quist","REC03","FOR","Deep",2024-07-02,"Mendez;Quist:Smith",4,22,"Bedrock",0,0,0,0,8,3,50,25,25,0,0,0,0,0,0,0,0,0,0,0,0,0,0,0,0,0,0,0,0,0,0,0,0,0,0,0,0,3.66666666666667,NA,0.975900072948533,NA,2,3,12.192,0,1,5,0,0,0
"Caleigh Quist","REC03","FOR","Deep",2024-07-02,"Mendez;Quist:Smith",4,24,"Bedrock",0,0,0,0,4,2,37.5,37.5,0,0,0,0,25,0,0,0,0,0,0,0,0,0,0,0,0,0,0,0,0,0,0,0,0,0,0,0,0,3.66666666666667,NA,0.975900072948533,NA,2,3,12.192,0,1,5,0,0,0
"Caleigh Quist","REC03","FOR","Deep",2024-07-02,"Smith;Quist;Mendez",1,26,"Bedrock",15,15,4,4,2,0,0,87.5,0,0,0,0,0,0,0,0,0,12.5,0,0,0,0,0,0,0,0,0,0,0,0,0,0,0,0,0,0,0,3.625,5.25,0.885061203156784,1.16496474502144,7,5.71428571428571,8.2296,0,2,0,0,0,0
"Caleigh Quist","REC03","FOR","Deep",2024-07-02,"Smith;Quist;Mendez",1,28,"Bedrock",6,1,0,0,4,1,25,37.5,12.5,0,12.5,0,0,0,0,0,0,0,12.5,0,0,0,0,0,0,0,0,0,0,0,0,0,0,0,0,0,0,3.625,5.25,0.885061203156784,1.16496474502144,7,5.71428571428571,8.2296,0,2,0,0,0,0
"Caleigh Quist","REC03","FOR","Deep",2024-07-02,"Smith;Quist;Mendez",2,11,"Bedrock",6,2,1,1,0,0,25,50,0,0,0,0,25,0,0,0,0,0,0,0,0,0,0,0,0,0,0,0,0,0,0,0,0,0,0,0,0,4.2,6,1.32017314881691,1.29099444873581,NA,NA,NA,NA,NA,NA,NA,NA,NA
"Caleigh Quist","REC03","FOR","Deep",2024-07-02,"Smith;Quist;Mendez",2,13,"Bedrock",4,4,1,1,3,0,25,25,50,0,0,0,0,0,0,0,0,0,0,0,0,0,0,0,0,0,0,0,0,0,0,0,0,0,0,0,0,4.2,6,1.32017314881691,1.29099444873581,NA,NA,NA,NA,NA,NA,NA,NA,NA
"Caleigh Quist","REC03","FOR","Deep",2024-07-02,"Smith;Quist;Mendez",3,11,"Bedrock",4,4,0,0,3,0,37.5,62.5,0,0,0,0,0,0,0,0,0,0,0,0,0,0,0,0,0,0,0,0,0,0,0,0,0,0,0,0,0,3.30769230769231,NA,1.03155347127648,NA,3,2,12.192,0,1,0,0,0,0
"Caleigh Quist","REC03","FOR","Deep",2024-07-02,"Smith;Quist;Mendez",3,13,"Bedrock",10,10,0,0,2,1,25,37.5,25,0,0,0,0,0,0,0,0,12.5,0,0,0,0,0,0,0,0,0,0,0,0,0,0,0,0,0,0,0,3.30769230769231,NA,1.03155347127648,NA,3,2,12.192,0,1,0,0,0,0
"Caleigh Quist","REC03","FOR","Deep",2024-07-02,"Smith;Quist;Mendez",4,26,"Bedrock",11,11,0,0,0,0,25,37.5,0,0,0,0,25,0,0,0,0,12.5,0,0,0,0,0,0,0,0,0,0,0,0,0,0,0,0,0,0,0,3.66666666666667,NA,0.975900072948533,NA,2,3,12.192,0,1,5,0,0,0
"Caleigh Quist","REC03","FOR","Deep",2024-07-02,"Smith;Quist;Mendez",4,28,"Bedrock",1,1,1,1,0,0,62.5,25,0,0,0,0,0,0,0,0,0,0,0,0,0,0,12.5,0,0,0,0,0,0,0,0,0,0,0,0,0,0,3.66666666666667,NA,0.975900072948533,NA,2,3,12.192,0,1,5,0,0,0
"Caleigh Quist","REC03","INCIP","Deep",2024-07-02,"Mendez;Quist;Smith",1,22,"Bedrock",23,1,0,0,9,0,12.5,75,12.5,0,0,0,0,0,0,0,0,0,0,0,0,0,0,0,0,0,0,0,0,0,0,0,0,0,0,0,0,3.57142857142857,5,1.22249969100425,1.25356634105602,NA,NA,NA,NA,NA,NA,NA,NA,NA
"Caleigh Quist","REC03","INCIP","Deep",2024-07-02,"Mendez;Quist;Smith",1,24,"Bedrock",11,1,1,0,4,9,0,75,0,0,0,0,0,0,0,0,0,0,0,0,0,0,0,0,0,0,25,0,0,0,0,0,0,0,0,0,0,3.57142857142857,5,1.22249969100425,1.25356634105602,NA,NA,NA,NA,NA,NA,NA,NA,NA
"Caleigh Quist","REC03","INCIP","Deep",2024-07-02,"Mendez;Quist;Smith",2,7,"Bedrock",7,0,0,0,5,2,0,100,0,0,0,0,0,0,0,0,0,0,0,0,0,0,0,0,0,0,0,0,0,0,0,0,0,0,0,0,0,4,5.26666666666667,1.25356634105602,1.57963226582585,NA,NA,NA,NA,NA,NA,NA,NA,NA
"Caleigh Quist","REC03","INCIP","Deep",2024-07-02,"Mendez;Quist;Smith",2,9,"Bedrock",9,0,0,0,8,0,25,62.5,12.5,0,0,0,0,0,0,0,0,0,0,0,0,0,0,0,0,0,0,0,0,0,0,0,0,0,0,0,0,4,5.26666666666667,1.25356634105602,1.57963226582585,NA,NA,NA,NA,NA,NA,NA,NA,NA
"Caleigh Quist","REC03","INCIP","Deep",2024-07-02,"Mendez;Quist;Smith",3,7,"Bedrock",16,0,2,0,16,2,0,100,0,0,0,0,0,0,0,0,0,0,0,0,0,0,0,0,0,0,0,0,0,0,0,0,0,0,0,0,0,4.5,5.6,1.15470053837925,1.50554530541816,NA,NA,NA,NA,NA,NA,NA,NA,NA
"Caleigh Quist","REC03","INCIP","Deep",2024-07-02,"Mendez;Quist;Smith",3,9,"Bedrock",13,1,0,0,1,5,12.5,87.5,0,0,0,0,0,0,0,0,0,0,0,0,0,0,0,0,0,0,0,0,0,0,0,0,0,0,0,0,0,4.5,5.6,1.15470053837925,1.50554530541816,NA,NA,NA,NA,NA,NA,NA,NA,NA
"Caleigh Quist","REC03","INCIP","Deep",2024-07-02,"Mendez;Quist;Smith",4,22,"Bedrock",8,0,1,0,4,2,12.5,87.5,0,0,0,0,0,0,0,0,0,0,0,0,0,0,0,0,0,0,0,0,0,0,0,0,0,0,0,0,0,3.6,6.21428571428571,1.59463385855724,1.25137287246211,NA,NA,NA,NA,NA,NA,NA,NA,NA
"Caleigh Quist","REC03","INCIP","Deep",2024-07-02,"Mendez;Quist;Smith",4,24,"Bedrock",12,0,0,0,8,0,0,100,0,0,0,0,0,0,0,0,0,0,0,0,0,0,0,0,0,0,0,0,0,0,0,0,0,0,0,0,0,3.6,6.21428571428571,1.59463385855724,1.25137287246211,NA,NA,NA,NA,NA,NA,NA,NA,NA
"Caleigh Quist","REC03","INCIP","Deep",2024-07-02,"Smith;Quist;Mendez",1,26,"Bedrock",18,0,1,0,12,1,0,50,0,0,0,25,0,0,0,0,0,0,0,0,0,0,0,0,0,0,0,0,25,0,0,0,0,0,0,0,0,3.57142857142857,5,1.22249969100425,1.25356634105602,NA,NA,NA,NA,NA,NA,NA,NA,NA
"Caleigh Quist","REC03","INCIP","Deep",2024-07-02,"Smith;Quist;Mendez",1,28,"Bedrock",21,0,1,0,11,1,0,50,0,0,0,0,50,0,0,0,0,0,0,0,0,0,0,0,0,0,0,0,0,0,0,0,0,0,0,0,0,3.57142857142857,5,1.22249969100425,1.25356634105602,NA,NA,NA,NA,NA,NA,NA,NA,NA
"Caleigh Quist","REC03","INCIP","Deep",2024-07-02,"Smith;Quist;Mendez",2,11,"Bedrock",15,0,0,0,7,3,0,87.5,0,0,0,12.5,0,0,0,0,0,0,0,0,0,0,0,0,0,0,0,0,0,0,0,0,0,0,0,0,0,4,5.26666666666667,1.25356634105602,1.57963226582585,NA,NA,NA,NA,NA,NA,NA,NA,NA
"Caleigh Quist","REC03","INCIP","Deep",2024-07-02,"Smith;Quist;Mendez",2,13,"Bedrock",35,0,0,0,9,1,0,100,0,0,0,0,0,0,0,0,0,0,0,0,0,0,0,0,0,0,0,0,0,0,0,0,0,0,0,0,0,4,5.26666666666667,1.25356634105602,1.57963226582585,NA,NA,NA,NA,NA,NA,NA,NA,NA
"Caleigh Quist","REC03","INCIP","Deep",2024-07-02,"Smith;Quist;Mendez",3,11,"Bedrock",53,0,0,0,3,2,0,100,0,0,0,0,0,0,0,0,0,0,0,0,0,0,0,0,0,0,0,0,0,0,0,0,0,0,0,0,0,4.5,5.6,1.15470053837925,1.50554530541816,NA,NA,NA,NA,NA,NA,NA,NA,NA
"Caleigh Quist","REC03","INCIP","Deep",2024-07-02,"Smith;Quist;Mendez",3,13,"Bedrock",43,0,0,0,4,0,0,100,0,0,0,0,0,0,0,0,0,0,0,0,0,0,0,0,0,0,0,0,0,0,0,0,0,0,0,0,0,4.5,5.6,1.15470053837925,1.50554530541816,NA,NA,NA,NA,NA,NA,NA,NA,NA
"Caleigh Quist","REC03","INCIP","Deep",2024-07-02,"Smith;Quist;Mendez",4,26,"Bedrock",44,0,1,0,3,3,0,100,0,0,0,0,0,0,0,0,0,0,0,0,0,0,0,0,0,0,0,0,0,0,0,0,0,0,0,0,0,3.6,6.21428571428571,1.59463385855724,1.25137287246211,NA,NA,NA,NA,NA,NA,NA,NA,NA
"Caleigh Quist","REC03","INCIP","Deep",2024-07-02,"Smith;Quist;Mendez",4,28,"Bedrock",31,0,1,0,2,1,0,100,0,0,0,0,0,0,0,0,0,0,0,0,0,0,0,0,0,0,0,0,0,0,0,0,0,0,0,0,0,3.6,6.21428571428571,1.59463385855724,1.25137287246211,NA,NA,NA,NA,NA,NA,NA,NA,NA
"Caleigh Quist","REC03","INCIP","Shallow",2024-07-02,"Quist;Mendez;Smith",1,22,"Bedrock",15,0,1,0,20,0,0,50,0,0,0,0,50,0,0,0,0,0,0,0,0,0,0,0,0,0,0,0,0,0,0,0,0,0,0,0,0,3.85714285714286,5.14285714285714,1.23145585242976,2.38124540321439,NA,NA,NA,NA,NA,NA,NA,NA,NA
"Caleigh Quist","REC03","INCIP","Shallow",2024-07-02,"Quist;Mendez;Smith",1,24,"Bedrock",18,0,0,0,11,0,0,25,0,12.5,0,0,62.5,0,0,0,0,0,0,0,0,0,0,0,0,0,0,0,0,0,0,0,0,0,0,0,0,3.85714285714286,5.14285714285714,1.23145585242976,2.38124540321439,NA,NA,NA,NA,NA,NA,NA,NA,NA
"Caleigh Quist","REC03","INCIP","Shallow",2024-07-02,"Quist;Mendez;Smith",2,7,"Bedrock",12,0,0,0,18,1,0,87.5,0,0,0,0,12.5,0,0,0,0,0,0,0,0,0,0,0,0,0,0,0,0,0,0,0,0,0,0,0,0,4,5.55555555555556,0.755928946018454,1.81046341520004,NA,NA,NA,NA,NA,NA,NA,NA,NA
"Caleigh Quist","REC03","INCIP","Shallow",2024-07-02,"Quist;Mendez;Smith",2,9,"Bedrock",28,0,0,0,21,2,0,75,0,0,0,0,25,0,0,0,0,0,0,0,0,0,0,0,0,0,0,0,0,0,0,0,0,0,0,0,0,4,5.55555555555556,0.755928946018454,1.81046341520004,NA,NA,NA,NA,NA,NA,NA,NA,NA
"Caleigh Quist","REC03","INCIP","Shallow",2024-07-02,"Quist;Mendez;Smith",3,7,"Bedrock",26,0,1,1,20,1,0,12.5,0,0,0,0,87.5,0,0,0,0,0,0,0,0,0,0,0,0,0,0,0,0,0,0,0,0,0,0,0,0,3.33333333333333,5.57142857142857,0.816496580927726,1.2724180205607,NA,NA,NA,NA,NA,NA,NA,NA,NA
"Caleigh Quist","REC03","INCIP","Shallow",2024-07-02,"Quist;Mendez;Smith",3,9,"Bedrock",22,0,0,0,5,1,0,37.5,0,0,0,0,62.5,0,0,0,0,0,0,0,0,0,0,0,0,0,0,0,0,0,0,0,0,0,0,0,0,3.33333333333333,5.57142857142857,0.816496580927726,1.2724180205607,NA,NA,NA,NA,NA,NA,NA,NA,NA
"Caleigh Quist","REC03","INCIP","Shallow",2024-07-02,"Quist;Mendez;Smith",4,22,"Bedrock",15,0,1,0,15,0,0,37.5,0,0,0,0,62.5,0,0,0,0,0,0,0,0,0,0,0,0,0,0,0,0,0,0,0,0,0,0,0,0,4.13333333333333,9.41666666666667,1.06009882737862,3.47610893576903,NA,NA,NA,NA,NA,NA,NA,NA,NA
"Caleigh Quist","REC03","INCIP","Shallow",2024-07-02,"Quist;Mendez;Smith",4,24,"Bedrock",38,0,2,0,9,0,0,25,0,12.5,0,0,50,12.5,0,0,0,0,0,0,0,0,0,0,0,0,0,0,0,0,0,0,0,0,0,0,0,4.13333333333333,9.41666666666667,1.06009882737862,3.47610893576903,NA,NA,NA,NA,NA,NA,NA,NA,NA
"Caleigh Quist","REC03","INCIP","Shallow",2024-07-02,"Smith;Quist;Mendez",1,26,"Bedrock",24,0,1,0,22,1,0,37.5,0,0,0,12.5,50,0,0,0,0,0,0,0,0,0,0,0,0,0,0,0,0,0,0,0,0,0,0,0,0,3.85714285714286,5.14285714285714,1.23145585242976,2.38124540321439,NA,NA,NA,NA,NA,NA,NA,NA,NA
"Caleigh Quist","REC03","INCIP","Shallow",2024-07-02,"Smith;Quist;Mendez",1,28,"Bedrock",41,0,1,0,10,0,0,50,0,12.5,0,0,37.5,0,0,0,0,0,0,0,0,0,0,0,0,0,0,0,0,0,0,0,0,0,0,0,0,3.85714285714286,5.14285714285714,1.23145585242976,2.38124540321439,NA,NA,NA,NA,NA,NA,NA,NA,NA
"Caleigh Quist","REC03","INCIP","Shallow",2024-07-02,"Smith;Quist;Mendez",2,11,"Bedrock",14,0,2,0,3,0,0,37.5,0,12.5,0,12.5,25,0,0,0,0,0,0,0,0,0,0,0,0,0,12.5,0,0,0,0,0,0,0,0,0,0,4,5.55555555555556,0.755928946018454,1.81046341520004,NA,NA,NA,NA,NA,NA,NA,NA,NA
"Caleigh Quist","REC03","INCIP","Shallow",2024-07-02,"Smith;Quist;Mendez",2,13,"Bedrock",24,0,0,0,5,1,0,62.5,0,0,0,0,37.5,0,0,0,0,0,0,0,0,0,0,0,0,0,0,0,0,0,0,0,0,0,0,0,0,4,5.55555555555556,0.755928946018454,1.81046341520004,NA,NA,NA,NA,NA,NA,NA,NA,NA
"Caleigh Quist","REC03","INCIP","Shallow",2024-07-02,"Smith;Quist;Mendez",3,11,"Bedrock",63,2,0,0,14,0,0,62.5,0,12.5,0,0,0,0,0,0,0,0,0,0,0,0,0,0,0,0,0,0,25,0,0,0,0,0,0,0,0,3.33333333333333,5.57142857142857,0.816496580927726,1.2724180205607,NA,NA,NA,NA,NA,NA,NA,NA,NA
"Caleigh Quist","REC03","INCIP","Shallow",2024-07-02,"Smith;Quist;Mendez",3,13,"Bedrock",38,0,0,0,5,4,0,12.5,0,12.5,0,0,75,0,0,0,0,0,0,0,0,0,0,0,0,0,0,0,0,0,0,0,0,0,0,0,0,3.33333333333333,5.57142857142857,0.816496580927726,1.2724180205607,NA,NA,NA,NA,NA,NA,NA,NA,NA
"Caleigh Quist","REC03","INCIP","Shallow",2024-07-02,"Smith;Quist;Mendez",4,26,"Bedrock",14,0,0,0,2,0,0,50,0,0,0,25,0,0,0,0,0,0,0,0,0,0,0,0,0,0,0,25,0,0,0,0,0,0,0,0,0,4.13333333333333,9.41666666666667,1.06009882737862,3.47610893576903,NA,NA,NA,NA,NA,NA,NA,NA,NA
"Caleigh Quist","REC03","INCIP","Shallow",2024-07-02,"Smith;Quist;Mendez",4,28,"Bedrock",7,0,0,0,5,0,0,37.5,0,0,0,0,25,0,0,0,0,0,0,0,0,0,0,0,0,0,0,25,0,0,12.5,0,0,0,0,0,0,4.13333333333333,9.41666666666667,1.06009882737862,3.47610893576903,NA,NA,NA,NA,NA,NA,NA,NA,NA
"Caleigh Quist","REC04","BAR","Deep",2024-07-22,"Mendez;Smith;Quist",1,22,"Sand",0,0,0,0,0,0,0,0,0,0,0,0,0,0,0,0,100,0,0,0,0,0,0,0,0,0,0,0,0,0,0,0,0,0,0,0,0,4,NA,NA,NA,NA,NA,16.764,30,0,0,1,0,0
"Caleigh Quist","REC04","BAR","Deep",2024-07-22,"Mendez;Smith;Quist",1,24,"Sand",0,0,0,0,0,0,0,0,0,0,0,12.5,0,0,0,0,87.5,0,0,0,0,0,0,0,0,0,0,0,0,0,0,0,0,0,0,0,0,4,NA,NA,NA,NA,NA,16.764,30,0,0,1,0,0
"Caleigh Quist","REC04","BAR","Deep",2024-07-22,"Mendez;Smith;Quist",2,7,"Sand",1,0,0,0,6,0,0,0,0,0,0,0,0,0,0,0,100,0,0,0,0,0,0,0,0,0,0,0,0,0,0,0,0,0,0,0,0,4,NA,NA,NA,NA,NA,16.764,30,0,0,1,0,0
"Caleigh Quist","REC04","BAR","Deep",2024-07-22,"Mendez;Smith;Quist",2,9,"Sand",0,0,0,0,0,0,0,0,0,0,0,0,0,0,0,0,100,0,0,0,0,0,0,0,0,0,0,0,0,0,0,0,0,0,0,0,0,4,NA,NA,NA,NA,NA,16.764,30,0,0,1,0,0
"Caleigh Quist","REC04","BAR","Deep",2024-07-22,"Mendez;Smith;Quist",3,7,"Boulder",0,0,1,0,0,0,37.5,62.5,0,0,0,0,0,0,0,0,0,0,0,0,0,0,0,0,0,0,0,0,0,0,0,0,0,0,0,0,0,3.46666666666667,6.46666666666667,1.12546286774228,2.06559111797729,NA,NA,NA,NA,NA,NA,NA,NA,NA
"Caleigh Quist","REC04","BAR","Deep",2024-07-22,"Mendez;Smith;Quist",3,9,"Bedrock",2,0,3,0,0,2,0,100,0,0,0,0,0,0,0,0,0,0,0,0,0,0,0,0,0,0,0,0,0,0,0,0,0,0,0,0,0,3.46666666666667,6.46666666666667,1.12546286774228,2.06559111797729,NA,NA,NA,NA,NA,NA,NA,NA,NA
"Caleigh Quist","REC04","BAR","Deep",2024-07-22,"Mendez;Smith;Quist",4,22,"Bedrock",3,0,2,0,2,0,62.5,25,0,0,0,0,0,0,0,0,12.5,0,0,0,0,0,0,0,0,0,0,0,0,0,0,0,0,0,0,0,0,3.46666666666667,5.75,1.12546286774228,1.28805702866407,NA,NA,NA,NA,NA,NA,NA,NA,NA
"Caleigh Quist","REC04","BAR","Deep",2024-07-22,"Mendez;Smith;Quist",4,24,"Boulder",4,2,3,2,5,3,37.5,62.5,0,0,0,0,0,0,0,0,0,0,0,0,0,0,0,0,0,0,0,0,0,0,0,0,0,0,0,0,0,3.46666666666667,5.75,1.12546286774228,1.28805702866407,NA,NA,NA,NA,NA,NA,NA,NA,NA
"Caleigh Quist","REC04","BAR","Deep",2024-07-22,"Quist;Smith;Mendez",1,26,"Sand",0,0,0,0,0,0,0,0,0,0,0,0,0,0,0,0,100,0,0,0,0,0,0,0,0,0,0,0,0,0,0,0,0,0,0,0,0,4,NA,NA,NA,NA,NA,16.764,30,0,0,1,0,0
"Caleigh Quist","REC04","BAR","Deep",2024-07-22,"Quist;Smith;Mendez",1,28,"Sand",0,0,0,0,0,0,0,0,0,0,0,0,0,0,0,0,100,0,0,0,0,0,0,0,0,0,0,0,0,0,0,0,0,0,0,0,0,4,NA,NA,NA,NA,NA,16.764,30,0,0,1,0,0
"Caleigh Quist","REC04","BAR","Deep",2024-07-22,"Quist;Smith;Mendez",2,11,"Sand",0,0,0,0,0,0,0,0,0,0,0,0,0,0,0,0,100,0,0,0,0,0,0,0,0,0,0,0,0,0,0,0,0,0,0,0,0,4,NA,NA,NA,NA,NA,16.764,30,0,0,1,0,0
"Caleigh Quist","REC04","BAR","Deep",2024-07-22,"Quist;Smith;Mendez",2,13,"Sand",0,0,0,0,0,0,0,0,0,0,0,0,0,0,0,0,100,0,0,0,0,0,0,0,0,0,0,0,0,0,0,0,0,0,0,0,0,4,NA,NA,NA,NA,NA,16.764,30,0,0,1,0,0
"Caleigh Quist","REC04","BAR","Deep",2024-07-22,"Quist;Smith;Mendez",3,11,"Bedrock",2,0,1,0,12,0,0,62.5,0,0,0,0,12.5,0,0,0,0,0,0,0,0,0,0,25,0,0,0,0,0,0,0,0,0,0,0,0,0,3.46666666666667,6.46666666666667,1.12546286774228,2.06559111797729,NA,NA,NA,NA,NA,NA,NA,NA,NA
"Caleigh Quist","REC04","BAR","Deep",2024-07-22,"Quist;Smith;Mendez",3,13,"Bedrock",5,5,1,0,17,0,0,37.5,0,0,0,0,50,12.5,0,0,0,0,0,0,0,0,0,0,0,0,0,0,0,0,0,0,0,0,0,0,0,3.46666666666667,6.46666666666667,1.12546286774228,2.06559111797729,NA,NA,NA,NA,NA,NA,NA,NA,NA
"Caleigh Quist","REC04","BAR","Deep",2024-07-22,"Quist;Smith;Mendez",4,26,"Bedrock",2,2,0,0,19,1,0,100,0,0,0,0,0,0,0,0,0,0,0,0,0,0,0,0,0,0,0,0,0,0,0,0,0,0,0,0,0,3.46666666666667,5.75,1.12546286774228,1.28805702866407,NA,NA,NA,NA,NA,NA,NA,NA,NA
"Caleigh Quist","REC04","BAR","Deep",2024-07-22,"Quist;Smith;Mendez",4,28,"Bedrock",6,6,2,2,28,0,0,75,0,0,0,0,25,0,0,0,0,0,0,0,0,0,0,0,0,0,0,0,0,0,0,0,0,0,0,0,0,3.46666666666667,5.75,1.12546286774228,1.28805702866407,NA,NA,NA,NA,NA,NA,NA,NA,NA
"Caleigh Quist","REC04","FOR","Shallow",2024-07-30,"Quist;Mendez;Smith",1,22,"Bedrock",9,9,1,0,1,0,12.5,12.5,12.5,0,0,12.5,0,0,0,0,0,0,0,0,0,0,0,0,0,0,0,0,50,0,0,0,0,0,0,0,0,3.46666666666667,NA,1.12546286774228,NA,3,3.33333333333333,11.5824,26,0,9,0,0,0
"Caleigh Quist","REC04","FOR","Shallow",2024-07-30,"Quist;Mendez;Smith",1,24,"Bedrock",3,3,0,0,0,0,12.5,12.5,0,0,0,0,0,0,0,0,0,0,0,37.5,0,0,12.5,0,12.5,0,0,0,12.5,0,0,0,0,0,0,0,0,3.46666666666667,NA,1.12546286774228,NA,3,3.33333333333333,11.5824,26,0,9,0,0,0
"Caleigh Quist","REC04","FOR","Shallow",2024-07-30,"Quist;Mendez;Smith",2,7,"Bedrock",1,1,0,0,6,0,0,25,12.5,0,0,0,0,0,0,0,0,0,0,0,0,0,0,0,0,0,0,0,62.5,0,0,0,0,0,0,0,0,3.53333333333333,3,0.915475416434127,NA,3,11.6666666666667,11.5824,13,0,4,0,0,0
"Caleigh Quist","REC04","FOR","Shallow",2024-07-30,"Quist;Mendez;Smith",2,9,"Bedrock",15,15,0,0,5,0,0,25,12.5,0,0,0,0,0,0,0,0,0,0,0,0,0,0,0,0,0,0,0,62.5,0,0,0,0,0,0,0,0,3.53333333333333,3,0.915475416434127,NA,3,11.6666666666667,11.5824,13,0,4,0,0,0
"Caleigh Quist","REC04","FOR","Shallow",2024-07-30,"Quist;Mendez;Smith",3,7,"Bedrock",3,0,0,0,0,0,0,25,0,0,0,0,0,0,0,0,0,0,0,0,0,0,0,0,37.5,0,0,0,0,0,0,37.5,0,0,0,0,0,3.26666666666667,9,1.03279555898864,NA,3,2.33333333333333,10.3632,9,0,5,0,0,0
"Caleigh Quist","REC04","FOR","Shallow",2024-07-30,"Quist;Mendez;Smith",3,9,"Bedrock",27,15,9,0,1,0,0,25,0,0,0,0,12.5,0,0,0,0,0,0,37.5,0,0,12.5,0,0,0,0,0,12.5,0,0,0,0,0,0,0,0,3.26666666666667,9,1.03279555898864,NA,3,2.33333333333333,10.3632,9,0,5,0,0,0
"Caleigh Quist","REC04","FOR","Shallow",2024-07-30,"Quist;Mendez;Smith",4,22,"Bedrock",6,6,0,0,4,0,25,25,0,0,0,0,0,0,0,0,0,0,0,25,0,0,0,0,0,0,0,0,25,0,0,0,0,0,0,0,0,3.54545454545455,NA,1.03572548135463,NA,7,13.2857142857143,10.9728,10,0,2,0,0,0
"Caleigh Quist","REC04","FOR","Shallow",2024-07-30,"Quist;Mendez;Smith",4,24,"Sand",0,0,0,0,0,0,0,12.5,0,0,0,12.5,0,0,0,0,50,0,0,0,0,0,0,0,12.5,0,0,0,0,12.5,0,0,0,0,0,0,0,3.54545454545455,NA,1.03572548135463,NA,7,13.2857142857143,10.9728,10,0,2,0,0,0
"Caleigh Quist","REC04","FOR","Shallow",2024-07-30,"Smith;Quist;Mendez",1,26,"Bedrock",1,0,1,0,11,0,0,25,37.5,0,0,0,25,0,0,0,0,0,0,0,0,0,0,0,12.5,0,0,0,0,0,0,0,0,0,0,0,0,3.46666666666667,NA,1.12546286774228,NA,3,3.33333333333333,11.5824,26,0,9,0,0,0
"Caleigh Quist","REC04","FOR","Shallow",2024-07-30,"Smith;Quist;Mendez",1,28,"Bedrock",0,0,0,0,4,0,0,25,37.5,0,0,0,25,0,0,0,0,0,0,0,0,0,0,0,12.5,0,0,0,0,0,0,0,0,0,0,0,0,3.46666666666667,NA,1.12546286774228,NA,3,3.33333333333333,11.5824,26,0,9,0,0,0
"Caleigh Quist","REC04","FOR","Shallow",2024-07-30,"Smith;Quist;Mendez",2,11,"Bedrock",0,0,1,0,1,0,0,0,100,0,0,0,0,0,0,0,0,0,0,0,0,0,0,0,0,0,0,0,0,0,0,0,0,0,0,0,0,3.53333333333333,3,0.915475416434127,NA,3,11.6666666666667,11.5824,13,0,4,0,0,0
"Caleigh Quist","REC04","FOR","Shallow",2024-07-30,"Smith;Quist;Mendez",2,13,"Bedrock",0,0,0,0,4,0,0,37.5,0,0,0,0,12.5,0,0,0,0,0,0,50,0,0,0,0,0,0,0,0,0,0,0,0,0,0,0,0,0,3.53333333333333,3,0.915475416434127,NA,3,11.6666666666667,11.5824,13,0,4,0,0,0
"Caleigh Quist","REC04","FOR","Shallow",2024-07-30,"Smith;Quist;Mendez",3,11,"Bedrock",4,4,0,0,0,0,0,0,100,0,0,0,0,0,0,0,0,0,0,0,0,0,0,0,0,0,0,0,0,0,0,0,0,0,0,0,0,3.26666666666667,9,1.03279555898864,NA,3,2.33333333333333,10.3632,9,0,5,0,0,0
"Caleigh Quist","REC04","FOR","Shallow",2024-07-30,"Smith;Quist;Mendez",3,13,"Bedrock",15,13,0,0,0,0,0,0,100,0,0,0,0,0,0,0,0,0,0,0,0,0,0,0,0,0,0,0,0,0,0,0,0,0,0,0,0,3.26666666666667,9,1.03279555898864,NA,3,2.33333333333333,10.3632,9,0,5,0,0,0
"Caleigh Quist","REC04","FOR","Shallow",2024-07-30,"Smith;Quist;Mendez",4,26,"Bedrock",3,3,0,0,0,1,0,0,37.5,0,0,0,0,0,0,0,0,0,0,25,0,0,0,0,25,0,0,0,12.5,0,0,0,0,0,0,0,0,3.54545454545455,NA,1.03572548135463,NA,7,13.2857142857143,10.9728,10,0,2,0,0,0
"Caleigh Quist","REC04","FOR","Shallow",2024-07-30,"Smith;Quist;Mendez",4,28,"Bedrock",1,1,0,0,0,0,0,0,50,12.5,0,0,0,0,0,0,0,0,0,0,12.5,0,0,0,25,0,0,0,0,0,0,0,0,0,0,0,0,3.54545454545455,NA,1.03572548135463,NA,7,13.2857142857143,10.9728,10,0,2,0,0,0
"Caleigh Quist","REC05","BAR","Deep",2024-07-30,"Quist;Smith;Mendez",1,22,"Boulder",3,0,1,0,11,0,12.5,75,0,0,0,0,0,12.5,0,0,0,0,0,0,0,0,0,0,0,0,0,0,0,0,0,0,0,0,0,0,0,4.26666666666667,5.13333333333333,0.593616839704664,1.4573295865416,NA,NA,NA,NA,NA,NA,NA,NA,NA
"Caleigh Quist","REC05","BAR","Deep",2024-07-30,"Quist;Smith;Mendez",1,24,"Boulder",0,0,1,0,6,0,0,75,0,0,0,0,12.5,0,0,0,0,0,0,0,0,0,0,0,0,0,0,0,0,0,0,0,12.5,0,0,0,0,4.26666666666667,5.13333333333333,0.593616839704664,1.4573295865416,NA,NA,NA,NA,NA,NA,NA,NA,NA
"Caleigh Quist","REC05","BAR","Deep",2024-07-30,"Quist;Smith;Mendez",2,7,"Bedrock",6,0,1,0,2,1,0,50,0,0,0,25,25,0,0,0,0,0,0,0,0,0,0,0,0,0,0,0,0,0,0,0,0,0,0,0,0,4.86666666666667,5.66666666666667,0.351865775274498,0.487950036474266,NA,NA,NA,NA,NA,NA,NA,NA,NA
"Caleigh Quist","REC05","BAR","Deep",2024-07-30,"Quist;Smith;Mendez",2,9,"Boulder",11,0,1,0,14,0,0,87.5,0,0,0,12.5,0,0,0,0,0,0,0,0,0,0,0,0,0,0,0,0,0,0,0,0,0,0,0,0,0,4.86666666666667,5.66666666666667,0.351865775274498,0.487950036474266,NA,NA,NA,NA,NA,NA,NA,NA,NA
"Caleigh Quist","REC05","BAR","Deep",2024-07-30,"Quist;Smith;Mendez",3,7,"Boulder",9,0,0,0,11,0,0,75,0,0,0,0,25,0,0,0,0,0,0,0,0,0,0,0,0,0,0,0,0,0,0,0,0,0,0,0,0,4.33333333333333,6.1,0.975900072948533,1.3703203194063,NA,NA,NA,NA,NA,NA,NA,NA,NA
"Caleigh Quist","REC05","BAR","Deep",2024-07-30,"Quist;Smith;Mendez",3,9,"Boulder",8,0,1,0,7,0,0,100,0,0,0,0,0,0,0,0,0,0,0,0,0,0,0,0,0,0,0,0,0,0,0,0,0,0,0,0,0,4.33333333333333,6.1,0.975900072948533,1.3703203194063,NA,NA,NA,NA,NA,NA,NA,NA,NA
"Caleigh Quist","REC05","BAR","Deep",2024-07-30,"Quist;Smith;Mendez",4,22,"Boulder",11,0,4,0,10,0,0,75,0,25,0,0,0,0,0,0,0,0,0,0,0,0,0,0,0,0,0,0,0,0,0,0,0,0,0,0,0,4.46666666666667,6.4,1.30201309334357,0.699205898780101,NA,NA,NA,NA,NA,NA,NA,NA,NA
"Caleigh Quist","REC05","BAR","Deep",2024-07-30,"Quist;Smith;Mendez",4,24,"Boulder",9,1,0,0,5,0,0,87.5,0,0,0,0,12.5,0,0,0,0,0,0,0,0,0,0,0,0,0,0,0,0,0,0,0,0,0,0,0,0,4.46666666666667,6.4,1.30201309334357,0.699205898780101,NA,NA,NA,NA,NA,NA,NA,NA,NA
"Caleigh Quist","REC05","BAR","Deep",2024-07-30,"Smith;Quist;Mendez",1,26,"Bedrock",2,0,0,0,2,0,0,100,0,0,0,0,0,0,0,0,0,0,0,0,0,0,0,0,0,0,0,0,0,0,0,0,0,0,0,0,0,4.26666666666667,5.13333333333333,0.593616839704664,1.4573295865416,NA,NA,NA,NA,NA,NA,NA,NA,NA
"Caleigh Quist","REC05","BAR","Deep",2024-07-30,"Smith;Quist;Mendez",1,28,"Bedrock",4,0,0,0,1,0,0,100,0,0,0,0,0,0,0,0,0,0,0,0,0,0,0,0,0,0,0,0,0,0,0,0,0,0,0,0,0,4.26666666666667,5.13333333333333,0.593616839704664,1.4573295865416,NA,NA,NA,NA,NA,NA,NA,NA,NA
"Caleigh Quist","REC05","BAR","Deep",2024-07-30,"Smith;Quist;Mendez",2,11,"Bedrock",10,0,1,0,1,1,0,75,0,0,0,25,0,0,0,0,0,0,0,0,0,0,0,0,0,0,0,0,0,0,0,0,0,0,0,0,0,4.86666666666667,5.66666666666667,0.351865775274498,0.487950036474266,NA,NA,NA,NA,NA,NA,NA,NA,NA
"Caleigh Quist","REC05","BAR","Deep",2024-07-30,"Smith;Quist;Mendez",2,13,"Bedrock",20,2,2,0,1,1,0,50,0,0,0,50,0,0,0,0,0,0,0,0,0,0,0,0,0,0,0,0,0,0,0,0,0,0,0,0,0,4.86666666666667,5.66666666666667,0.351865775274498,0.487950036474266,NA,NA,NA,NA,NA,NA,NA,NA,NA
"Caleigh Quist","REC05","BAR","Deep",2024-07-30,"Smith;Quist;Mendez",3,11,"Bedrock",9,1,0,0,6,0,12.5,50,0,0,0,0,37.5,0,0,0,0,0,0,0,0,0,0,0,0,0,0,0,0,0,0,0,0,0,0,0,0,4.33333333333333,6.1,0.975900072948533,1.3703203194063,NA,NA,NA,NA,NA,NA,NA,NA,NA
"Caleigh Quist","REC05","BAR","Deep",2024-07-30,"Smith;Quist;Mendez",3,13,"Bedrock",10,0,1,0,6,2,0,87.5,0,0,0,0,12.5,0,0,0,0,0,0,0,0,0,0,0,0,0,0,0,0,0,0,0,0,0,0,0,0,4.33333333333333,6.1,0.975900072948533,1.3703203194063,NA,NA,NA,NA,NA,NA,NA,NA,NA
"Caleigh Quist","REC05","BAR","Deep",2024-07-30,"Smith;Quist;Mendez",4,26,"Bedrock",9,0,1,0,7,1,0,87.5,0,0,0,0,12.5,0,0,0,0,0,0,0,0,0,0,0,0,0,0,0,0,0,0,0,0,0,0,0,0,4.46666666666667,6.4,1.30201309334357,0.699205898780101,NA,NA,NA,NA,NA,NA,NA,NA,NA
"Caleigh Quist","REC05","BAR","Deep",2024-07-30,"Smith;Quist;Mendez",4,28,"Bedrock",26,0,2,0,6,0,0,87.5,0,0,0,0,12.5,0,0,0,0,0,0,0,0,0,0,0,0,0,0,0,0,0,0,0,0,0,0,0,0,4.46666666666667,6.4,1.30201309334357,0.699205898780101,NA,NA,NA,NA,NA,NA,NA,NA,NA
"Caleigh Quist","REC05","BAR","Shallow",2024-07-30,"Quist;Mendez;Smith",1,22,"Boulder",0,0,0,0,15,1,0,75,0,0,0,0,12.5,0,0,12.5,0,0,0,0,0,0,0,0,0,0,0,0,0,0,0,0,0,0,0,0,0,4.4,8,1.12122382116278,NA,NA,NA,NA,NA,NA,NA,NA,NA,NA
"Caleigh Quist","REC05","BAR","Shallow",2024-07-30,"Quist;Mendez;Smith",1,24,"Boulder",8,0,0,0,9,0,0,100,0,0,0,0,0,0,0,0,0,0,0,0,0,0,0,0,0,0,0,0,0,0,0,0,0,0,0,0,0,4.4,8,1.12122382116278,NA,NA,NA,NA,NA,NA,NA,NA,NA,NA
"Caleigh Quist","REC05","BAR","Shallow",2024-07-30,"Quist;Mendez;Smith",2,7,"Bedrock",18,0,0,0,25,0,0,62.5,0,0,0,0,25,0,0,12.5,0,0,0,0,0,0,0,0,0,0,0,0,0,0,0,0,0,0,0,0,0,4.4,NA,1.0555973258235,NA,NA,NA,NA,NA,NA,NA,NA,NA,NA
"Caleigh Quist","REC05","BAR","Shallow",2024-07-30,"Quist;Mendez;Smith",2,9,"Bedrock",48,0,0,0,28,0,12.5,62.5,0,0,0,0,12.5,0,0,0,0,0,0,12.5,0,0,0,0,0,0,0,0,0,0,0,0,0,0,0,0,0,4.4,NA,1.0555973258235,NA,NA,NA,NA,NA,NA,NA,NA,NA,NA
"Caleigh Quist","REC05","BAR","Shallow",2024-07-30,"Quist;Mendez;Smith",3,7,"Bedrock",9,0,0,0,29,0,0,87.5,0,0,0,0,0,0,0,0,0,0,0,0,0,0,0,12.5,0,0,0,0,0,0,0,0,0,0,0,0,0,4.0625,4,0.771902411793961,NA,NA,NA,NA,NA,NA,NA,NA,NA,NA
"Caleigh Quist","REC05","BAR","Shallow",2024-07-30,"Quist;Mendez;Smith",3,9,"Boulder",21,0,1,1,23,0,0,62.5,0,0,0,0,0,0,0,0,0,0,0,0,0,0,0,37.5,0,0,0,0,0,0,0,0,0,0,0,0,0,4.0625,4,0.771902411793961,NA,NA,NA,NA,NA,NA,NA,NA,NA,NA
"Caleigh Quist","REC05","BAR","Shallow",2024-07-30,"Quist;Mendez;Smith",4,22,"Boulder",43,0,0,0,18,1,0,75,0,0,0,0,12.5,0,0,0,0,0,0,0,0,0,0,12.5,0,0,0,0,0,0,0,0,0,0,0,0,0,5.2,6.3,1.47357679522601,1.33749350984926,NA,NA,NA,NA,NA,NA,NA,NA,NA
"Caleigh Quist","REC05","BAR","Shallow",2024-07-30,"Quist;Mendez;Smith",4,24,"Boulder",72,0,2,0,13,0,0,75,0,0,0,25,0,0,0,0,0,0,0,0,0,0,0,0,0,0,0,0,0,0,0,0,0,0,0,0,0,5.2,6.3,1.47357679522601,1.33749350984926,NA,NA,NA,NA,NA,NA,NA,NA,NA
"Caleigh Quist","REC05","BAR","Shallow",2024-07-30,"Smith;Quist;Mendez",1,26,"Boulder",21,0,0,0,0,0,0,75,0,0,0,0,0,0,0,0,25,0,0,0,0,0,0,0,0,0,0,0,0,0,0,0,0,0,0,0,0,4.4,8,1.12122382116278,NA,NA,NA,NA,NA,NA,NA,NA,NA,NA
"Caleigh Quist","REC05","BAR","Shallow",2024-07-30,"Smith;Quist;Mendez",1,28,"Boulder",12,0,0,0,0,0,0,62.5,0,0,0,0,0,0,0,0,37.5,0,0,0,0,0,0,0,0,0,0,0,0,0,0,0,0,0,0,0,0,4.4,8,1.12122382116278,NA,NA,NA,NA,NA,NA,NA,NA,NA,NA
"Caleigh Quist","REC05","BAR","Shallow",2024-07-30,"Smith;Quist;Mendez",2,11,"Bedrock",6,1,0,0,4,1,0,75,0,0,0,0,12.5,12.5,0,0,0,0,0,0,0,0,0,0,0,0,0,0,0,0,0,0,0,0,0,0,0,4.4,NA,1.0555973258235,NA,NA,NA,NA,NA,NA,NA,NA,NA,NA
"Caleigh Quist","REC05","BAR","Shallow",2024-07-30,"Smith;Quist;Mendez",2,13,"Bedrock",4,1,0,0,3,0,0,87.5,0,0,0,0,12.5,0,0,0,0,0,0,0,0,0,0,0,0,0,0,0,0,0,0,0,0,0,0,0,0,4.4,NA,1.0555973258235,NA,NA,NA,NA,NA,NA,NA,NA,NA,NA
"Caleigh Quist","REC05","BAR","Shallow",2024-07-30,"Smith;Quist;Mendez",3,11,"Bedrock",5,0,1,1,10,1,0,87.5,0,0,0,0,0,12.5,0,0,0,0,0,0,0,0,0,0,0,0,0,0,0,0,0,0,0,0,0,0,0,4.0625,4,0.771902411793961,NA,NA,NA,NA,NA,NA,NA,NA,NA,NA
"Caleigh Quist","REC05","BAR","Shallow",2024-07-30,"Smith;Quist;Mendez",3,13,"Bedrock",4,0,0,0,18,1,0,100,0,0,0,0,0,0,0,0,0,0,0,0,0,0,0,0,0,0,0,0,0,0,0,0,0,0,0,0,0,4.0625,4,0.771902411793961,NA,NA,NA,NA,NA,NA,NA,NA,NA,NA
"Caleigh Quist","REC05","BAR","Shallow",2024-07-30,"Smith;Quist;Mendez",4,26,"Bedrock",25,1,1,0,7,0,0,100,0,0,0,0,0,0,0,0,0,0,0,0,0,0,0,0,0,0,0,0,0,0,0,0,0,0,0,0,0,5.2,6.3,1.47357679522601,1.33749350984926,NA,NA,NA,NA,NA,NA,NA,NA,NA
"Caleigh Quist","REC05","BAR","Shallow",2024-07-30,"Smith;Quist;Mendez",4,28,"Bedrock",14,0,4,0,10,0,0,75,0,0,0,0,25,0,0,0,0,0,0,0,0,0,0,0,0,0,0,0,0,0,0,0,0,0,0,0,0,5.2,6.3,1.47357679522601,1.33749350984926,NA,NA,NA,NA,NA,NA,NA,NA,NA
"Caleigh Quist","REC05","INCIP","Shallow",2024-07-31,"Quist;Smith;Mendez",1,22,"Boulder",2,2,0,0,18,0,0,75,0,0,0,0,0,0,0,0,0,25,0,0,0,0,0,0,0,0,0,0,0,0,0,0,0,0,0,0,0,3.46666666666667,5.25,0.833809387832792,2.06155281280883,NA,NA,8.2296,24,0,8,0,0,0
"Caleigh Quist","REC05","INCIP","Shallow",2024-07-31,"Quist;Smith;Mendez",1,24,"Bedrock",21,5,0,0,28,1,37.5,25,0,0,0,0,0,0,0,0,0,0,0,0,0,0,0,0,0,0,0,0,37.5,0,0,0,0,0,0,0,0,3.46666666666667,5.25,0.833809387832792,2.06155281280883,NA,NA,8.2296,24,0,8,0,0,0
"Caleigh Quist","REC05","INCIP","Shallow",2024-07-31,"Quist;Smith;Mendez",2,7,"Boulder",2,2,0,0,32,2,0,75,0,0,0,25,0,0,0,0,0,0,0,0,0,0,0,0,0,0,0,0,0,0,0,0,0,0,0,0,0,3.86666666666667,NA,0.743223352957207,NA,1,14,9.144,30,0,5,0,0,0
"Caleigh Quist","REC05","INCIP","Shallow",2024-07-31,"Quist;Smith;Mendez",2,9,"Boulder",4,4,2,0,29,1,0,75,0,0,0,25,0,0,0,0,0,0,0,0,0,0,0,0,0,0,0,0,0,0,0,0,0,0,0,0,0,3.86666666666667,NA,0.743223352957207,NA,1,14,9.144,30,0,5,0,0,0
"Caleigh Quist","REC05","INCIP","Shallow",2024-07-31,"Quist;Smith;Mendez",3,7,"Boulder",1,1,0,0,18,2,0,87.5,0,0,0,0,0,0,0,0,0,12.5,0,0,0,0,0,0,0,0,0,0,0,0,0,0,0,0,0,0,0,3.06666666666667,NA,0.258198889747161,NA,NA,NA,9.4488,17,6,8,0,0,0
"Caleigh Quist","REC05","INCIP","Shallow",2024-07-31,"Quist;Smith;Mendez",3,9,"Boulder",1,0,0,0,26,1,12.5,75,0,0,0,12.5,0,0,0,0,0,0,0,0,0,0,0,0,0,0,0,0,0,0,0,0,0,0,0,0,0,3.06666666666667,NA,0.258198889747161,NA,NA,NA,9.4488,17,6,8,0,0,0
"Caleigh Quist","REC05","INCIP","Shallow",2024-07-31,"Quist;Smith;Mendez",4,22,"Bedrock",12,2,0,0,15,0,75,12.5,0,0,0,0,12.5,0,0,0,0,0,0,0,0,0,0,0,0,0,0,0,0,0,0,0,0,0,0,0,0,4.13333333333333,3,0.743223352957207,NA,NA,NA,9.4488,15,0,8,0,0,0
"Caleigh Quist","REC05","INCIP","Shallow",2024-07-31,"Quist;Smith;Mendez",4,24,"Bedrock",16,10,0,0,18,2,50,25,0,0,0,0,12.5,0,0,0,0,0,0,0,0,0,0,0,0,0,0,0,12.5,0,0,0,0,0,0,0,0,4.13333333333333,3,0.743223352957207,NA,NA,NA,9.4488,15,0,8,0,0,0
"Caleigh Quist","REC05","INCIP","Shallow",2024-07-31,"Smith;Mendez;Quist",1,26,"Bedrock",6,6,0,0,4,0,25,25,0,0,0,0,0,0,0,0,0,12.5,0,0,0,0,0,0,37.5,0,0,0,0,0,0,0,0,0,0,0,0,3.46666666666667,5.25,0.833809387832792,2.06155281280883,NA,NA,8.2296,24,0,8,0,0,0
"Caleigh Quist","REC05","INCIP","Shallow",2024-07-31,"Smith;Mendez;Quist",1,28,"Bedrock",11,4,0,0,6,0,25,75,0,0,0,0,0,0,0,0,0,0,0,0,0,0,0,0,0,0,0,0,0,0,0,0,0,0,0,0,0,3.46666666666667,5.25,0.833809387832792,2.06155281280883,NA,NA,8.2296,24,0,8,0,0,0
"Caleigh Quist","REC05","INCIP","Shallow",2024-07-31,"Smith;Mendez;Quist",2,11,"Bedrock",8,8,0,0,23,1,0,75,0,0,0,0,0,0,0,0,0,25,0,0,0,0,0,0,0,0,0,0,0,0,0,0,0,0,0,0,0,3.86666666666667,NA,0.743223352957207,NA,1,14,9.144,30,0,5,0,0,0
"Caleigh Quist","REC05","INCIP","Shallow",2024-07-31,"Smith;Mendez;Quist",2,13,"Bedrock",6,6,0,0,11,0,0,50,25,0,0,0,0,0,0,0,0,12.5,0,0,0,0,0,0,12.5,0,0,0,0,0,0,0,0,0,0,0,0,3.86666666666667,NA,0.743223352957207,NA,1,14,9.144,30,0,5,0,0,0
"Caleigh Quist","REC05","INCIP","Shallow",2024-07-31,"Smith;Mendez;Quist",3,11,"Bedrock",3,3,0,0,8,0,0,50,12.5,0,0,0,0,0,0,0,0,12.5,0,0,0,0,0,0,25,0,0,0,0,0,0,0,0,0,0,0,0,3.06666666666667,NA,0.258198889747161,NA,NA,NA,9.4488,17,6,8,0,0,0
"Caleigh Quist","REC05","INCIP","Shallow",2024-07-31,"Smith;Mendez;Quist",3,13,"Bedrock",0,4,0,0,9,0,12.5,25,0,0,0,0,25,0,0,0,0,0,0,0,0,0,0,0,37.5,0,0,0,0,0,0,0,0,0,0,0,0,3.06666666666667,NA,0.258198889747161,NA,NA,NA,9.4488,17,6,8,0,0,0
"Caleigh Quist","REC05","INCIP","Shallow",2024-07-31,"Smith;Mendez;Quist",4,26,"Bedrock",4,4,3,3,8,0,37.5,0,37.5,0,0,0,25,0,0,0,0,0,0,0,0,0,0,0,0,0,0,0,0,0,0,0,0,0,0,0,0,4.13333333333333,3,0.743223352957207,NA,NA,NA,9.4488,15,0,8,0,0,0
"Caleigh Quist","REC05","INCIP","Shallow",2024-07-31,"Smith;Mendez;Quist",4,28,"Bedrock",12,12,0,0,7,2,62.5,25,0,0,0,0,12.5,0,0,0,0,0,0,0,0,0,0,0,0,0,0,0,0,0,0,0,0,0,0,0,0,4.13333333333333,3,0.743223352957207,NA,NA,NA,9.4488,15,0,8,0,0,0
"Kim Kamnikar","REC01","BAR","Deep",2024-08-19,"Quist; Mendez;Smith",1,22,"Bedrock",7,0,3,1,11,0,25,50,0,0,0,0,25,0,0,0,0,0,0,0,0,0,0,0,0,0,0,0,0,0,0,0,0,0,0,0,0,5.11764705882353,5.90909090909091,1.36392599419729,1.75809814598307,NA,NA,NA,NA,NA,NA,NA,NA,NA
"Kim Kamnikar","REC01","BAR","Deep",2024-08-19,"Quist; Mendez;Smith",1,24,"Bedrock",5,1,2,2,4,0,25,62.5,0,0,12.5,0,0,0,0,0,0,0,0,0,0,0,0,0,0,0,0,0,0,0,0,0,0,0,0,0,0,5.11764705882353,5.90909090909091,1.36392599419729,1.75809814598307,NA,NA,NA,NA,NA,NA,NA,NA,NA
"Kim Kamnikar","REC01","BAR","Deep",2024-08-19,"Quist; Mendez;Smith",1,26,"Bedrock",6,0,2,0,13,2,0,75,0,25,0,0,0,0,0,0,0,0,0,0,0,0,0,0,0,0,0,0,0,0,0,0,0,0,0,0,0,5.11764705882353,5.90909090909091,1.36392599419729,1.75809814598307,NA,NA,NA,NA,NA,NA,NA,NA,NA
"Kim Kamnikar","REC01","BAR","Deep",2024-08-19,"Quist; Mendez;Smith",2,7,"Bedrock",32,0,0,0,12,0,25,50,0,0,0,0,12.5,0,0,0,0,0,0,0,0,0,12.5,0,0,0,0,0,0,0,0,0,0,0,0,0,0,4.46666666666667,6,0.915475416434127,1.88982236504614,NA,NA,NA,NA,NA,NA,NA,NA,NA
"Kim Kamnikar","REC01","BAR","Deep",2024-08-19,"Quist; Mendez;Smith",2,9,"Bedrock",8,0,1,0,16,0,25,50,0,12.5,0,0,12.5,0,0,0,0,0,0,0,0,0,0,0,0,0,0,0,0,0,0,0,0,0,0,0,0,4.46666666666667,6,0.915475416434127,1.88982236504614,NA,NA,NA,NA,NA,NA,NA,NA,NA
"Kim Kamnikar","REC01","BAR","Deep",2024-08-19,"Quist; Mendez;Smith",2,11,"Bedrock",22,0,0,0,23,2,12.5,75,0,12.5,0,0,0,0,0,0,0,0,0,0,0,0,0,0,0,0,0,0,0,0,0,0,0,0,0,0,0,4.46666666666667,6,0.915475416434127,1.88982236504614,NA,NA,NA,NA,NA,NA,NA,NA,NA
"Kim Kamnikar","REC01","BAR","Deep",2024-08-19,"Quist; Mendez;Smith",2,13,"Bedrock",9,0,2,2,5,2,0,100,0,0,0,0,0,0,0,0,0,0,0,0,0,0,0,0,0,0,0,0,0,0,0,0,0,0,0,0,0,4.46666666666667,6,0.915475416434127,1.88982236504614,NA,NA,NA,NA,NA,NA,NA,NA,NA
"Kim Kamnikar","REC01","BAR","Deep",2024-08-19,"Quist; Mendez;Smith",3,7,"Bedrock",8,1,5,4,9,2,0,62.5,0,12.5,0,0,0,0,0,25,0,0,0,0,0,0,0,0,0,0,0,0,0,0,0,0,0,0,0,0,0,4.6,6.35714285714286,1.45405835999994,1.78054195972172,NA,NA,NA,NA,NA,NA,NA,NA,NA
"Kim Kamnikar","REC01","BAR","Deep",2024-08-19,"Quist; Mendez;Smith",3,9,"Bedrock",7,0,5,3,6,1,0,37.5,0,0,0,0,37.5,12.5,0,0,0,0,0,0,0,0,0,0,0,12.5,0,0,0,0,0,0,0,0,0,0,0,4.6,6.35714285714286,1.45405835999994,1.78054195972172,NA,NA,NA,NA,NA,NA,NA,NA,NA
"Kim Kamnikar","REC01","BAR","Deep",2024-08-19,"Quist; Mendez;Smith",3,11,"Bedrock",27,0,0,0,2,4,0,100,0,0,0,0,0,0,0,0,0,0,0,0,0,0,0,0,0,0,0,0,0,0,0,0,0,0,0,0,0,4.6,6.35714285714286,1.45405835999994,1.78054195972172,NA,NA,NA,NA,NA,NA,NA,NA,NA
"Kim Kamnikar","REC01","BAR","Deep",2024-08-19,"Quist; Mendez;Smith",3,13,"Bedrock",4,0,0,0,3,0,0,62.5,0,0,0,0,25,0,0,0,0,0,0,0,0,12.5,0,0,0,0,0,0,0,0,0,0,0,0,0,0,0,4.6,6.35714285714286,1.45405835999994,1.78054195972172,NA,NA,NA,NA,NA,NA,NA,NA,NA
"Kim Kamnikar","REC01","BAR","Deep",2024-08-19,"Quist; Mendez;Smith",4,22,"Boulder",10,0,1,0,18,0,0,50,0,25,0,0,0,0,0,25,0,0,0,0,0,0,0,0,0,0,0,0,0,0,0,0,0,0,0,0,0,4.4,6.83333333333333,1.5023790657297,1.6966991126266,NA,NA,NA,NA,NA,NA,NA,NA,NA
"Kim Kamnikar","REC01","BAR","Deep",2024-08-19,"Quist; Mendez;Smith",4,24,"Boulder",13,0,1,0,7,1,0,87.5,0,0,0,0,0,0,0,12.5,0,0,0,0,0,0,0,0,0,0,0,0,0,0,0,0,0,0,0,0,0,4.4,6.83333333333333,1.5023790657297,1.6966991126266,NA,NA,NA,NA,NA,NA,NA,NA,NA
"Kim Kamnikar","REC01","BAR","Deep",2024-08-19,"Quist; Mendez;Smith",4,26,"Bedrock",8,0,1,1,9,2,12.5,75,0,0,0,0,12.5,0,0,0,0,0,0,0,0,0,0,0,0,0,0,0,0,0,0,0,0,0,0,0,0,4.4,6.83333333333333,1.5023790657297,1.6966991126266,NA,NA,NA,NA,NA,NA,NA,NA,NA
"Kim Kamnikar","REC01","BAR","Deep",2024-08-19,"Quist; Mendez;Smith",4,28,"Bedrock",4,0,2,0,8,1,0,100,0,0,0,0,0,0,0,0,0,0,0,0,0,0,0,0,0,0,0,0,0,0,0,0,0,0,0,0,0,4.4,6.83333333333333,1.5023790657297,1.6966991126266,NA,NA,NA,NA,NA,NA,NA,NA,NA
"Kim Kamnikar","REC01","BAR","Shallow",2024-08-19,"Quist; Mendez;Smith",1,22,"Bedrock",3,0,1,0,17,1,25,62.5,0,0,12.5,0,0,0,0,0,0,0,0,0,0,0,0,0,0,0,0,0,0,0,0,0,0,0,0,0,0,4.8125,6.375,1.10867789130417,2.61520280557469,NA,NA,12.4968,0,0,0,1,0,0
"Kim Kamnikar","REC01","BAR","Shallow",2024-08-19,"Quist; Mendez;Smith",1,24,"Boulder",7,0,0,0,18,0,0,75,0,0,0,25,0,0,0,0,0,0,0,0,0,0,0,0,0,0,0,0,0,0,0,0,0,0,0,0,0,4.8125,6.375,1.10867789130417,2.61520280557469,NA,NA,12.4968,0,0,0,1,0,0
"Kim Kamnikar","REC01","BAR","Shallow",2024-08-19,"Quist; Mendez;Smith",1,28,"Bedrock",9,0,1,0,10,1,12.5,87.5,0,0,0,0,0,0,0,0,0,0,0,0,0,0,0,0,0,0,0,0,0,0,0,0,0,0,0,0,0,4.8125,6.375,1.10867789130417,2.61520280557469,NA,NA,12.4968,0,0,0,1,0,0
"Kim Kamnikar","REC01","BAR","Shallow",2024-08-19,"Quist; Mendez;Smith",2,7,"Bedrock",14,0,0,0,21,0,0,37.5,0,0,0,12.5,50,0,0,0,0,0,0,0,0,0,0,0,0,0,0,0,0,0,0,0,0,0,0,0,0,4.93333333333333,6.73333333333333,0.883715101688537,1.38701460836198,NA,NA,NA,NA,NA,NA,NA,NA,NA
"Kim Kamnikar","REC01","BAR","Shallow",2024-08-19,"Quist; Mendez;Smith",2,9,"Bedrock",15,0,1,1,19,0,0,75,0,0,12.5,12.5,0,0,0,0,0,0,0,0,0,0,0,0,0,0,0,0,0,0,0,0,0,0,0,0,0,4.93333333333333,6.73333333333333,0.883715101688537,1.38701460836198,NA,NA,NA,NA,NA,NA,NA,NA,NA
"Kim Kamnikar","REC01","BAR","Shallow",2024-08-19,"Quist; Mendez;Smith",3,7,"Bedrock",36,3,2,2,16,0,37.5,25,12.5,0,12.5,0,12.5,0,0,0,0,0,0,0,0,0,0,0,0,0,0,0,0,0,0,0,0,0,0,0,0,4.73333333333333,6.66666666666667,1.16291915126588,2.10338831988828,NA,NA,NA,NA,NA,NA,NA,NA,NA
"Kim Kamnikar","REC01","BAR","Shallow",2024-08-19,"Quist; Mendez;Smith",3,9,"Bedrock",25,0,2,0,68,2,25,50,0,0,0,0,12.5,0,0,0,0,0,0,0,0,0,12.5,0,0,0,0,0,0,0,0,0,0,0,0,0,0,4.73333333333333,6.66666666666667,1.16291915126588,2.10338831988828,NA,NA,NA,NA,NA,NA,NA,NA,NA
"Kim Kamnikar","REC01","BAR","Shallow",2024-08-19,"Quist; Mendez;Smith",4,22,"Bedrock",25,0,0,0,20,2,0,50,0,0,0,37.5,12.5,0,0,0,0,0,0,0,0,0,0,0,0,0,0,0,0,0,0,0,0,0,0,0,0,4.66666666666667,7.6,0.975900072948533,2.17050941281329,NA,NA,NA,NA,NA,NA,NA,NA,NA
"Kim Kamnikar","REC01","BAR","Shallow",2024-08-19,"Quist; Mendez;Smith",4,24,"Bedrock",21,0,0,0,64,0,12.5,75,0,0,0,12.5,0,0,0,0,0,0,0,0,0,0,0,0,0,0,0,0,0,0,0,0,0,0,0,0,0,4.66666666666667,7.6,0.975900072948533,2.17050941281329,NA,NA,NA,NA,NA,NA,NA,NA,NA
"Kim Kamnikar","REC01","INCIP","Deep",2024-08-26,"DREW; CQ; RM",1,22,"Bedrock",25,4,5,1,5,0,0,100,0,0,0,0,0,0,0,0,0,0,0,0,0,0,0,0,0,0,0,0,0,0,0,0,0,0,0,0,0,4.42857142857143,5.86666666666667,0.755928946018454,1.12546286774228,NA,NA,NA,NA,NA,NA,NA,NA,NA
"Kim Kamnikar","REC01","INCIP","Deep",2024-08-26,"DREW; CQ; RM",1,24,"Bedrock",15,2,5,1,4,1,0,100,0,0,0,0,0,0,0,0,0,0,0,0,0,0,0,0,0,0,0,0,0,0,0,0,0,0,0,0,0,4.42857142857143,5.86666666666667,0.755928946018454,1.12546286774228,NA,NA,NA,NA,NA,NA,NA,NA,NA
"Kim Kamnikar","REC01","INCIP","Deep",2024-08-26,"DREW; CQ; RM",2,7,"Bedrock",28,5,3,0,4,1,0,87.5,0,0,12.5,0,0,0,0,0,0,0,0,0,0,0,0,0,0,0,0,0,0,0,0,0,0,0,0,0,0,4.73333333333333,6.625,1.33452327853522,2.38671920665766,NA,NA,NA,NA,NA,NA,NA,NA,NA
"Kim Kamnikar","REC01","INCIP","Deep",2024-08-26,"DREW; CQ; RM",2,9,"Bedrock",16,2,4,2,1,1,0,87.5,0,0,0,0,12.5,0,0,0,0,0,0,0,0,0,0,0,0,0,0,0,0,0,0,0,0,0,0,0,0,4.73333333333333,6.625,1.33452327853522,2.38671920665766,NA,NA,NA,NA,NA,NA,NA,NA,NA
"Kim Kamnikar","REC01","INCIP","Deep",2024-08-26,"DREW; CQ; RM",3,7,"Bedrock",15,5,4,0,3,4,0,75,0,0,12.5,0,12.5,0,0,0,0,0,0,0,0,0,0,0,0,0,0,0,0,0,0,0,0,0,0,0,0,4.26666666666667,6.57142857142857,1.22279928657082,0.937614461876991,NA,NA,NA,NA,NA,NA,NA,NA,NA
"Kim Kamnikar","REC01","INCIP","Deep",2024-08-26,"DREW; CQ; RM",3,9,"Bedrock",16,0,2,0,3,0,0,100,0,0,0,0,0,0,0,0,0,0,0,0,0,0,0,0,0,0,0,0,0,0,0,0,0,0,0,0,0,4.26666666666667,6.57142857142857,1.22279928657082,0.937614461876991,NA,NA,NA,NA,NA,NA,NA,NA,NA
"Kim Kamnikar","REC01","INCIP","Deep",2024-08-26,"DREW; CQ; RM",4,22,"Bedrock",25,0,6,3,7,0,0,87.5,0,0,0,0,12.5,0,0,0,0,0,0,0,0,0,0,0,0,0,0,0,0,0,0,0,0,0,0,0,0,4.28571428571429,6.1875,0.913873533463375,1.37689263682153,NA,NA,NA,NA,NA,NA,NA,NA,NA
"Kim Kamnikar","REC01","INCIP","Deep",2024-08-26,"DREW; CQ; RM",4,24,"Bedrock",18,0,5,0,6,2,0,100,0,0,0,0,0,0,0,0,0,0,0,0,0,0,0,0,0,0,0,0,0,0,0,0,0,0,0,0,0,4.28571428571429,6.1875,0.913873533463375,1.37689263682153,NA,NA,NA,NA,NA,NA,NA,NA,NA
"Kim Kamnikar","REC01","INCIP","Deep",2024-08-26,"Morgan; Mendez; Quist",1,26,"Bedrock",17,0,2,0,18,0,0,37.5,0,12.5,0,37.5,12.5,0,0,0,0,0,0,0,0,0,0,0,0,0,0,0,0,0,0,0,0,0,0,0,0,4.42857142857143,5.86666666666667,0.755928946018454,1.12546286774228,NA,NA,NA,NA,NA,NA,NA,NA,NA
"Kim Kamnikar","REC01","INCIP","Deep",2024-08-26,"Morgan; Mendez; Quist",1,28,"Bedrock",24,0,2,0,10,0,0,62.5,0,0,0,37.5,0,0,0,0,0,0,0,0,0,0,0,0,0,0,0,0,0,0,0,0,0,0,0,0,0,4.42857142857143,5.86666666666667,0.755928946018454,1.12546286774228,NA,NA,NA,NA,NA,NA,NA,NA,NA
"Kim Kamnikar","REC01","INCIP","Deep",2024-08-26,"Morgan; Mendez; Quist",2,11,"Bedrock",11,0,0,0,29,1,12.5,37.5,0,0,0,50,0,0,0,0,0,0,0,0,0,0,0,0,0,0,0,0,0,0,0,0,0,0,0,0,0,4.73333333333333,6.625,1.33452327853522,2.38671920665766,NA,NA,NA,NA,NA,NA,NA,NA,NA
"Kim Kamnikar","REC01","INCIP","Deep",2024-08-26,"Morgan; Mendez; Quist",2,13,"Bedrock",13,0,0,0,12,1,12.5,62.5,12.5,0,0,12.5,0,0,0,0,0,0,0,0,0,0,0,0,0,0,0,0,0,0,0,0,0,0,0,0,0,4.73333333333333,6.625,1.33452327853522,2.38671920665766,NA,NA,NA,NA,NA,NA,NA,NA,NA
"Kim Kamnikar","REC01","INCIP","Deep",2024-08-26,"Morgan; Mendez; Quist",3,11,"Bedrock",8,0,2,0,18,1,12.5,75,0,0,0,12.5,0,0,0,0,0,0,0,0,0,0,0,0,0,0,0,0,0,0,0,0,0,0,0,0,0,4.26666666666667,6.57142857142857,1.22279928657082,0.937614461876991,NA,NA,NA,NA,NA,NA,NA,NA,NA
"Kim Kamnikar","REC01","INCIP","Deep",2024-08-26,"Morgan; Mendez; Quist",3,13,"Bedrock",15,0,5,1,16,0,0,87.5,0,0,0,12.5,0,0,0,0,0,0,0,0,0,0,0,0,0,0,0,0,0,0,0,0,0,0,0,0,0,4.26666666666667,6.57142857142857,1.22279928657082,0.937614461876991,NA,NA,NA,NA,NA,NA,NA,NA,NA
"Kim Kamnikar","REC01","INCIP","Deep",2024-08-26,"Morgan; Mendez; Quist",4,26,"Bedrock",8,0,1,0,9,0,0,62.5,0,0,0,25,0,12.5,0,0,0,0,0,0,0,0,0,0,0,0,0,0,0,0,0,0,0,0,0,0,0,4.28571428571429,6.1875,0.913873533463375,1.37689263682153,NA,NA,NA,NA,NA,NA,NA,NA,NA
"Kim Kamnikar","REC01","INCIP","Deep",2024-08-26,"Morgan; Mendez; Quist",4,28,"Bedrock",15,0,4,0,11,0,0,75,0,0,0,25,0,0,0,0,0,0,0,0,0,0,0,0,0,0,0,0,0,0,0,0,0,0,0,0,0,4.28571428571429,6.1875,0.913873533463375,1.37689263682153,NA,NA,NA,NA,NA,NA,NA,NA,NA
"Kim Kamnikar","REC01","INCIP","Shallow",2024-08-26,"Smith; Mendez; Quist",1,26,"Bedrock",19,0,1,0,10,2,50,12.5,37.5,0,0,0,0,0,0,0,0,0,0,0,0,0,0,0,0,0,0,0,0,0,0,0,0,0,0,0,0,3.93333333333333,6,0.883715101688537,1.68325082306035,NA,NA,NA,NA,NA,NA,NA,NA,NA
"Kim Kamnikar","REC01","INCIP","Shallow",2024-08-26,"Smith; Mendez; Quist",1,28,"Bedrock",32,0,1,0,6,2,12.5,0,50,12.5,0,0,12.5,0,12.5,0,0,0,0,0,0,0,0,0,0,0,0,0,0,0,0,0,0,0,0,0,0,3.93333333333333,6,0.883715101688537,1.68325082306035,NA,NA,NA,NA,NA,NA,NA,NA,NA
"Kim Kamnikar","REC01","INCIP","Shallow",2024-08-26,"Smith; Mendez; Quist",2,11,"Bedrock",20,5,3,2,12,0,0,100,0,0,0,0,0,0,0,0,0,0,0,0,0,0,0,0,0,0,0,0,0,0,0,0,0,0,0,0,0,5.0625,7,0.771902411793961,0.866025403784439,NA,NA,NA,NA,NA,NA,NA,NA,NA
"Kim Kamnikar","REC01","INCIP","Shallow",2024-08-26,"Smith; Mendez; Quist",2,13,"Bedrock",5,0,6,5,10,0,0,62.5,12.5,0,0,12.5,0,0,12.5,0,0,0,0,0,0,0,0,0,0,0,0,0,0,0,0,0,0,0,0,0,0,5.0625,7,0.771902411793961,0.866025403784439,NA,NA,NA,NA,NA,NA,NA,NA,NA
"Kim Kamnikar","REC01","INCIP","Shallow",2024-08-26,"Smith; Mendez; Quist",3,11,"Bedrock",12,0,0,0,44,11,0,75,0,0,0,0,25,0,0,0,0,0,0,0,0,0,0,0,0,0,0,0,0,0,0,0,0,0,0,0,0,5.2,6.5,0.774596669241483,0.849836585598797,NA,NA,NA,NA,NA,NA,NA,NA,NA
"Kim Kamnikar","REC01","INCIP","Shallow",2024-08-26,"Smith; Mendez; Quist",3,13,"Bedrock",13,0,0,0,29,3,12.5,12.5,0,0,0,0,75,0,0,0,0,0,0,0,0,0,0,0,0,0,0,0,0,0,0,0,0,0,0,0,0,5.2,6.5,0.774596669241483,0.849836585598797,NA,NA,NA,NA,NA,NA,NA,NA,NA
"Kim Kamnikar","REC01","INCIP","Shallow",2024-08-26,"Smith; Mendez; Quist",4,26,"Bedrock",8,0,0,0,20,1,25,37.5,0,0,0,0,37.5,0,0,0,0,0,0,0,0,0,0,0,0,0,0,0,0,0,0,0,0,0,0,0,0,5.06666666666667,6.66666666666667,0.79880863671798,0.577350269189626,NA,NA,NA,NA,NA,NA,NA,NA,NA
"Kim Kamnikar","REC01","INCIP","Shallow",2024-08-26,"Smith; Mendez; Quist",4,28,"Bedrock",5,0,6,6,9,0,0,0,50,0,0,0,37.5,0,0,0,0,0,0,0,0,0,0,0,0,0,0,0,0,0,12.5,0,0,0,0,0,0,5.06666666666667,6.66666666666667,0.79880863671798,0.577350269189626,NA,NA,NA,NA,NA,NA,NA,NA,NA
"Kim Kamnikar","REC02","FOR","Deep",2024-08-05,"DREW; RM;JS",1,22,"Bedrock",6,3,0,0,2,0,0,12.5,0,0,12.5,0,0,0,0,0,0,0,0,0,12.5,37.5,0,12.5,0,0,0,0,0,0,0,0,0,12.5,0,0,0,NA,NA,NA,NA,NA,NA,10.9728,18,0,4,0,0,0
"Kim Kamnikar","REC02","FOR","Deep",2024-08-05,"DREW; RM;JS",1,24,"Bedrock",11,7,0,0,5,1,25,0,37.5,12.5,0,0,12.5,0,0,0,0,0,0,0,0,0,0,0,0,0,0,0,0,0,0,12.5,0,0,0,0,0,NA,NA,NA,NA,NA,NA,10.9728,18,0,4,0,0,0
"Kim Kamnikar","REC02","FOR","Deep",2024-08-05,"DREW; RM;JS",2,7,"Bedrock",5,4,0,0,13,1,12.5,37.5,0,25,0,0,25,0,0,0,0,0,0,0,0,0,0,0,0,0,0,0,0,0,0,0,0,0,0,0,0,NA,NA,NA,NA,NA,NA,NA,NA,NA,NA,NA,NA,NA
"Kim Kamnikar","REC02","FOR","Deep",2024-08-05,"DREW; RM;JS",2,9,"Bedrock",0,0,0,0,4,1,0,12.5,50,12.5,0,0,12.5,0,12.5,0,0,0,0,0,0,0,0,0,0,0,0,0,0,0,0,0,0,0,0,0,0,NA,NA,NA,NA,NA,NA,NA,NA,NA,NA,NA,NA,NA
"Kim Kamnikar","REC02","FOR","Deep",2024-08-05,"DREW; RM;JS",3,7,"Bedrock",26,6,6,5,26,0,0,50,0,12.5,0,0,25,0,0,0,0,0,0,0,0,0,0,0,0,0,0,12.5,0,0,0,0,0,0,0,0,0,NA,NA,NA,NA,NA,NA,13.716,2,0,0,7,0,0
"Kim Kamnikar","REC02","FOR","Deep",2024-08-05,"DREW; RM;JS",3,9,"Bedrock",80,30,4,0,11,0,0,37.5,12.5,37.5,0,0,12.5,0,0,0,0,0,0,0,0,0,0,0,0,0,0,0,0,0,0,0,0,0,0,0,0,NA,NA,NA,NA,NA,NA,13.716,2,0,0,7,0,0
"Kim Kamnikar","REC02","FOR","Deep",2024-08-05,"DREW; RM;JS",4,22,"Bedrock",16,0,5,0,0,0,0,62.5,0,0,0,0,25,0,0,0,12.5,0,0,0,0,0,0,0,0,0,0,0,0,0,0,0,0,0,0,0,0,NA,NA,NA,NA,NA,NA,NA,NA,NA,NA,NA,NA,NA
"Kim Kamnikar","REC02","FOR","Deep",2024-08-05,"DREW; RM;JS",4,24,"Bedrock",10,0,5,0,5,1,12.5,37.5,0,0,0,0,37.5,0,0,0,0,12.5,0,0,0,0,0,0,0,0,0,0,0,0,0,0,0,0,0,0,0,NA,NA,NA,NA,NA,NA,NA,NA,NA,NA,NA,NA,NA
"Kim Kamnikar","REC02","FOR","Deep",2024-08-05,"SMITH;MEN;MOR",1,26,"Bedrock",14,14,2,2,3,0,0,37.5,12.5,0,0,0,25,0,0,0,0,0,0,0,0,0,25,0,0,0,0,0,0,0,0,0,0,0,0,0,0,NA,NA,NA,NA,NA,NA,10.9728,18,0,4,0,0,0
"Kim Kamnikar","REC02","FOR","Deep",2024-08-05,"SMITH;MEN;MOR",1,28,"Bedrock",6,6,0,0,6,1,12.5,0,50,12.5,0,0,12.5,0,0,0,0,12.5,0,0,0,0,0,0,0,0,0,0,0,0,0,0,0,0,0,0,0,NA,NA,NA,NA,NA,NA,10.9728,18,0,4,0,0,0
"Kim Kamnikar","REC02","FOR","Deep",2024-08-05,"SMITH;MEN;MOR",2,11,"Bedrock",0,0,0,0,8,0,0,25,37.5,0,0,0,12.5,0,0,0,0,0,12.5,0,0,0,12.5,0,0,0,0,0,0,0,0,0,0,0,0,0,0,NA,NA,NA,NA,NA,NA,NA,NA,NA,NA,NA,NA,NA
"Kim Kamnikar","REC02","FOR","Deep",2024-08-05,"SMITH;MEN;MOR",2,13,"Bedrock",1,1,1,1,5,0,0,62.5,0,0,0,0,0,0,0,0,0,0,0,0,0,0,0,25,0,0,0,12.5,0,0,0,0,0,0,0,0,0,NA,NA,NA,NA,NA,NA,NA,NA,NA,NA,NA,NA,NA
"Kim Kamnikar","REC02","FOR","Deep",2024-08-05,"SMITH;MEN;MOR",3,11,"Bedrock",16,4,0,0,8,0,0,25,12.5,50,0,0,12.5,0,0,0,0,0,0,0,0,0,0,0,0,0,0,0,0,0,0,0,0,0,0,0,0,NA,NA,NA,NA,NA,NA,13.716,2,0,0,7,0,0
"Kim Kamnikar","REC02","FOR","Deep",2024-08-05,"SMITH;MEN;MOR",3,13,"Bedrock",6,2,6,3,7,0,50,25,12.5,12.5,0,0,0,0,0,0,0,0,0,0,0,0,0,0,0,0,0,0,0,0,0,0,0,0,0,0,0,NA,NA,NA,NA,NA,NA,13.716,2,0,0,7,0,0
"Kim Kamnikar","REC02","FOR","Deep",2024-08-05,"SMITH;MEN;MOR",4,26,"Bedrock",10,0,5,0,5,0,0,100,0,0,0,0,0,0,0,0,0,0,0,0,0,0,0,0,0,0,0,0,0,0,0,0,0,0,0,0,0,NA,NA,NA,NA,NA,NA,NA,NA,NA,NA,NA,NA,NA
"Kim Kamnikar","REC02","FOR","Deep",2024-08-05,"SMITH;MEN;MOR",4,28,"Bedrock",8,0,4,0,4,1,0,62.5,12.5,25,0,0,0,0,0,0,0,0,0,0,0,0,0,0,0,0,0,0,0,0,0,0,0,0,0,0,0,NA,NA,NA,NA,NA,NA,NA,NA,NA,NA,NA,NA,NA
"Kim Kamnikar","REC02","FOR","Shallow",2024-08-05,"Smith; Mendez; Quist",1,22,"Bedrock",0,0,0,0,9,1,0,0,25,0,12.5,25,0,0,0,0,0,0,0,0,0,0,0,0,12.5,0,0,0,25,0,0,0,0,0,0,0,0,NA,NA,NA,NA,1,4,9.4488,16,34,8,0,0,0
"Kim Kamnikar","REC02","FOR","Shallow",2024-08-05,"Smith; Mendez; Quist",1,24,"Bedrock",0,0,0,0,17,0,0,12.5,0,0,0,0,37.5,0,0,0,12.5,0,0,0,0,0,0,12.5,12.5,0,0,0,12.5,0,0,0,0,0,0,0,0,NA,NA,NA,NA,1,4,9.4488,16,34,8,0,0,0
"Kim Kamnikar","REC02","FOR","Shallow",2024-08-05,"Smith; Mendez; Quist",1,26,"Bedrock",0,0,0,0,2,0,25,0,50,0,0,0,12.5,0,0,0,0,0,0,0,0,0,0,0,0,0,0,0,0,0,0,0,0,0,12.5,0,0,NA,NA,NA,NA,1,4,9.4488,16,34,8,0,0,0
"Kim Kamnikar","REC02","FOR","Shallow",2024-08-05,"Smith; Mendez; Quist",1,28,"Bedrock",5,5,0,0,0,0,25,12.5,50,0,0,0,12.5,0,0,0,0,0,0,0,0,0,0,0,0,0,0,0,0,0,0,0,0,0,0,0,0,NA,NA,NA,NA,1,4,9.4488,16,34,8,0,0,0
"Kim Kamnikar","REC02","FOR","Shallow",2024-08-05,"Smith; Mendez; Quist",2,7,"Bedrock",0,0,0,0,1,1,0,37.5,0,0,12.5,0,0,0,12.5,0,0,12.5,0,0,0,0,12.5,0,0,0,12.5,0,0,0,0,0,0,0,0,0,0,4,NA,0.816496580927726,NA,NA,NA,9.4488,30,2,3,0,1,0
"Kim Kamnikar","REC02","FOR","Shallow",2024-08-05,"Smith; Mendez; Quist",2,9,"Bedrock",0,0,0,0,5,0,25,25,0,0,0,0,0,0,0,0,0,0,0,0,0,0,37.5,0,12.5,0,0,0,0,0,0,0,0,0,0,0,0,4,NA,0.816496580927726,NA,NA,NA,9.4488,30,2,3,0,1,0
"Kim Kamnikar","REC02","FOR","Shallow",2024-08-05,"Smith; Mendez; Quist",2,11,"Bedrock",0,0,0,0,9,0,12.5,12.5,0,0,0,0,12.5,0,0,0,0,37.5,0,0,0,0,0,0,25,0,0,0,0,0,0,0,0,0,0,0,0,4,NA,0.816496580927726,NA,NA,NA,9.4488,30,2,3,0,1,0
"Kim Kamnikar","REC02","FOR","Shallow",2024-08-05,"Smith; Mendez; Quist",2,13,"Bedrock",0,0,0,0,6,0,25,12.5,50,0,0,0,12.5,0,0,0,0,0,0,0,0,0,0,0,0,0,0,0,0,0,0,0,0,0,0,0,0,4,NA,0.816496580927726,NA,NA,NA,9.4488,30,2,3,0,1,0
"Kim Kamnikar","REC02","FOR","Shallow",2024-08-05,"Smith; Mendez; Quist",3,7,"Bedrock",5,5,0,0,0,0,0,0,37.5,0,25,0,0,0,0,0,0,0,0,0,0,12.5,0,0,0,0,12.5,0,0,0,12.5,0,0,0,0,0,0,4.07692307692308,NA,0.640512615220349,NA,2,1.5,9.4488,10,5,0,0,0,0
"Kim Kamnikar","REC02","FOR","Shallow",2024-08-05,"Smith; Mendez; Quist",3,9,"Bedrock",13,10,0,0,8,0,0,25,12.5,0,0,0,25,12.5,0,0,0,0,0,0,12.5,0,0,12.5,0,0,0,0,0,0,0,0,0,0,0,0,0,4.07692307692308,NA,0.640512615220349,NA,2,1.5,9.4488,10,5,0,0,0,0
"Kim Kamnikar","REC02","FOR","Shallow",2024-08-05,"Smith; Mendez; Quist",3,11,"Bedrock",0,0,0,0,12,0,12.5,0,50,12.5,0,0,0,0,0,0,0,0,0,0,0,0,12.5,0,12.5,0,0,0,0,0,0,0,0,0,0,0,0,4.07692307692308,NA,0.640512615220349,NA,2,1.5,9.4488,10,5,0,0,0,0
"Kim Kamnikar","REC02","FOR","Shallow",2024-08-05,"Smith; Mendez; Quist",3,13,"Bedrock",4,4,0,0,0,0,25,0,62.5,0,0,0,12.5,0,0,0,0,0,0,0,0,0,0,0,0,0,0,0,0,0,0,0,0,0,0,0,0,4.07692307692308,NA,0.640512615220349,NA,2,1.5,9.4488,10,5,0,0,0,0
"Kim Kamnikar","REC02","FOR","Shallow",2024-08-05,"Smith; Mendez; Quist",4,22,"Bedrock",0,0,0,0,4,0,37.5,25,12.5,0,0,0,12.5,0,0,0,0,0,0,0,0,0,0,12.5,0,0,0,0,0,0,0,0,0,0,0,0,0,4,5,1.4142135623731,NA,2,8,8.8392,19,42,5,0,0,0
"Kim Kamnikar","REC02","FOR","Shallow",2024-08-05,"Smith; Mendez; Quist",4,24,"Bedrock",0,0,0,0,5,0,0,37.5,0,0,37.5,0,0,0,0,0,0,0,0,0,0,0,0,0,0,0,12.5,0,12.5,0,0,0,0,0,0,0,0,4,5,1.4142135623731,NA,2,8,8.8392,19,42,5,0,0,0
"Kim Kamnikar","REC02","FOR","Shallow",2024-08-05,"Smith; Mendez; Quist",4,26,"Bedrock",2,2,0,0,1,0,25,0,37.5,0,0,0,12.5,0,0,0,0,0,0,0,0,12.5,0,0,12.5,0,0,0,0,0,0,0,0,0,0,0,0,4,5,1.4142135623731,NA,2,8,8.8392,19,42,5,0,0,0
"Kim Kamnikar","REC02","FOR","Shallow",2024-08-05,"Smith; Mendez; Quist",4,28,"Bedrock",6,6,0,0,9,0,37.5,0,0,0,0,0,12.5,0,0,0,0,0,0,0,0,0,25,0,25,0,0,0,0,0,0,0,0,0,0,0,0,4,5,1.4142135623731,NA,2,8,8.8392,19,42,5,0,0,0
"Kim Kamnikar","REC03","BAR","Deep",2024-06-25,"Smith;Quist",1,22,"Sand",0,0,0,0,0,0,0,12.5,0,0,0,0,0,0,0,0,87.5,0,0,0,0,0,0,0,0,0,0,0,0,0,0,0,0,0,0,0,0,NA,NA,NA,NA,NA,NA,12.8016,35,0,0,0,0,0
"Kim Kamnikar","REC03","BAR","Deep",2024-06-25,"Smith;Quist",1,24,"Cobble",0,0,0,0,3,0,0,37.5,0,0,0,0,0,0,0,0,62.5,0,0,0,0,0,0,0,0,0,0,0,0,0,0,0,0,0,0,0,0,NA,NA,NA,NA,NA,NA,12.8016,35,0,0,0,0,0
"Kim Kamnikar","REC03","BAR","Deep",2024-06-25,"Smith;Quist",1,26,"Boulder",0,0,0,0,4,0,0,25,0,0,0,0,37.5,0,0,0,37.5,0,0,0,0,0,0,0,0,0,0,0,0,0,0,0,0,0,0,0,0,NA,NA,NA,NA,NA,NA,12.8016,35,0,0,0,0,0
"Kim Kamnikar","REC03","BAR","Deep",2024-06-25,"Smith;Quist",1,28,"Boulder",0,0,0,0,0,0,0,37.5,0,0,0,0,0,0,0,0,62.5,0,0,0,0,0,0,0,0,0,0,0,0,0,0,0,0,0,0,0,0,NA,NA,NA,NA,NA,NA,12.8016,35,0,0,0,0,0
"Kim Kamnikar","REC03","BAR","Deep",2024-06-25,"Smith;Quist",2,7,"Bedrock",3,3,0,0,0,0,0,12.5,0,0,0,0,12.5,0,0,0,0,62.5,0,0,0,0,12.5,0,0,0,0,0,0,0,0,0,0,0,0,0,0,2,NA,0,NA,2,1.5,12.8016,40,0,0,0,0,0
"Kim Kamnikar","REC03","BAR","Deep",2024-06-25,"Smith;Quist",2,9,"Boulder",1,1,0,0,1,0,37.5,25,0,0,0,0,0,0,0,0,25,0,0,0,0,0,0,0,0,0,0,0,0,12.5,0,0,0,0,0,0,0,2,NA,0,NA,2,1.5,12.8016,40,0,0,0,0,0
"Kim Kamnikar","REC03","BAR","Deep",2024-06-25,"Smith;Quist",2,11,"Boulder",1,1,0,0,0,0,0,37.5,25,0,0,0,0,0,0,0,37.5,0,0,0,0,0,0,0,0,0,0,0,0,0,0,0,0,0,0,0,0,2,NA,0,NA,2,1.5,12.8016,40,0,0,0,0,0
"Kim Kamnikar","REC03","BAR","Deep",2024-06-25,"Smith;Quist",2,13,"Bedrock",0,0,0,0,0,0,0,37.5,50,0,0,0,0,0,0,0,0,12.5,0,0,0,0,0,0,0,0,0,0,0,0,0,0,0,0,0,0,0,2,NA,0,NA,2,1.5,12.8016,40,0,0,0,0,0
"Kim Kamnikar","REC03","BAR","Deep",2024-06-25,"Smith;Quist",3,11,"Bedrock",1,1,0,0,3,0,0,125,0,0,0,0,50,0,0,0,0,0,0,0,0,0,25,0,0,0,0,0,0,0,0,0,0,0,0,0,0,3,2,0,NA,2,9,12.8016,0,10,0,0,0,0
"Kim Kamnikar","REC03","BAR","Deep",2024-06-25,"Smith;Quist",3,13,"Bedrock",2,2,0,0,1,1,0,125,0,0,0,0,75,0,0,0,0,0,0,0,0,0,0,0,0,0,0,0,0,0,0,0,0,0,0,0,0,3,2,0,NA,2,9,12.8016,0,10,0,0,0,0
"Kim Kamnikar","REC03","BAR","Deep",2024-06-25,"Smith;Quist",4,26,"Bedrock",0,0,0,0,0,0,0,100,0,0,0,0,75,0,0,0,0,0,0,0,0,0,0,25,0,0,0,0,0,0,0,0,0,0,0,0,0,2,NA,NA,NA,NA,NA,12.8016,0,17,2,0,0,0
"Kim Kamnikar","REC03","BAR","Deep",2024-06-25,"Smith;Quist",4,28,"Bedrock",4,4,1,1,0,0,0,100,0,0,0,0,100,0,0,0,0,0,0,0,0,0,0,0,0,0,0,0,0,0,0,0,0,0,0,0,0,2,NA,NA,NA,NA,NA,12.8016,0,17,2,0,0,0
"Kim Kamnikar","REC03","FOR","Shallow",2024-06-25,"Mendez;Quist;Mor",1,26,"Bedrock",1,0,0,0,10,0,12.5,62.5,0,0,0,0,25,0,0,0,0,0,0,0,0,0,0,0,0,0,0,0,0,0,0,0,0,0,0,0,0,3.25,NA,0.707106781186548,NA,NA,NA,NA,NA,NA,NA,NA,NA,NA
"Kim Kamnikar","REC03","FOR","Shallow",2024-06-25,"Mendez;Quist;Mor",1,28,"Bedrock",6,0,0,0,4,0,25,37.5,0,0,25,0,12.5,0,0,0,0,0,0,0,0,0,0,0,0,0,0,0,0,0,0,0,0,0,0,0,0,3.25,NA,0.707106781186548,NA,NA,NA,NA,NA,NA,NA,NA,NA,NA
"Kim Kamnikar","REC03","FOR","Shallow",2024-06-25,"Mendez;Quist;Mor",2,11,"Bedrock",9,0,0,0,5,0,0,62.5,25,0,0,0,12.5,0,0,0,0,0,0,0,0,0,0,0,0,0,0,0,0,0,0,0,0,0,0,0,0,3.66666666666667,4.33333333333333,0.816496580927726,0.577350269189626,12,20,6.096,16.5,0,5,0,0,0
"Kim Kamnikar","REC03","FOR","Shallow",2024-06-25,"Mendez;Quist;Mor",2,13,"Bedrock",1,1,0,0,13,0,62.5,25,12.5,0,0,0,0,0,0,0,0,0,0,0,0,0,0,0,0,0,0,0,0,0,0,0,0,0,0,0,0,3.66666666666667,4.33333333333333,0.816496580927726,0.577350269189626,12,20,6.096,16.5,0,5,0,0,0
"Kim Kamnikar","REC03","FOR","Shallow",2024-06-25,"Mendez;Quist;Mor",3,11,"Bedrock",10.6666666666667,2.66666666666667,0,0,1,2,37.5,62.5,0,0,0,0,0,0,0,0,0,0,0,0,0,0,0,0,0,0,0,0,0,0,0,0,0,0,0,0,0,3.64705882352941,4.5,0.996316746232607,0.707106781186548,NA,NA,5.7912,2,2,0,0,0,0
"Kim Kamnikar","REC03","FOR","Shallow",2024-06-25,"Mendez;Quist;Mor",3,13,"Bedrock",9.33333333333333,2.66666666666667,0,0,6,0,25,62.5,0,0,0,0,12.5,0,0,0,0,0,0,0,0,0,0,0,0,0,0,0,0,0,0,0,0,0,0,0,0,3.64705882352941,4.5,0.996316746232607,0.707106781186548,NA,NA,5.7912,2,2,0,0,0,0
"Kim Kamnikar","REC03","FOR","Shallow",2024-06-25,"Mendez;Quist;Mor",4,26,"Bedrock",0,0,0,0,9,0,37.5,62.5,0,0,0,0,0,0,0,0,0,0,0,0,0,0,0,0,0,0,0,0,0,0,0,0,0,0,0,0,0,3.28571428571429,NA,0.755928946018455,NA,2,2,7.9248,1,18,0,0,0,0
"Kim Kamnikar","REC03","FOR","Shallow",2024-06-25,"Mendez;Quist;Mor",4,28,"Bedrock",0,0,0,0,5,2,25,75,0,0,0,0,0,0,0,0,0,0,0,0,0,0,0,0,0,0,0,0,0,0,0,0,0,0,0,0,0,3.28571428571429,NA,0.755928946018455,NA,2,2,7.9248,1,18,0,0,0,0
"Kim Kamnikar","REC03","FOR","Shallow",2024-06-25,"Quist; Mendez",1,22,"Bedrock",2,2,0,0,5,0,62.5,0,0,12.5,12.5,0,12.5,0,0,0,0,0,0,0,0,0,0,0,0,0,0,0,0,0,0,0,0,0,0,0,0,3.25,NA,0.707106781186548,NA,NA,NA,NA,NA,NA,NA,NA,NA,NA
"Kim Kamnikar","REC03","FOR","Shallow",2024-06-25,"Quist; Mendez",1,24,"Bedrock",0,0,0,0,18,0,25,25,0,25,0,0,25,0,0,0,0,0,0,0,0,0,0,0,0,0,0,0,0,0,0,0,0,0,0,0,0,3.25,NA,0.707106781186548,NA,NA,NA,NA,NA,NA,NA,NA,NA,NA
"Kim Kamnikar","REC03","FOR","Shallow",2024-06-25,"Quist; Mendez",2,7,"Bedrock",2,2,0,0,9,0,37.5,25,0,0,0,0,12.5,12.5,0,0,0,0,0,0,0,0,0,0,0,12.5,0,0,0,0,0,0,0,0,0,0,0,3.66666666666667,4.33333333333333,0.816496580927726,0.577350269189626,12,20,6.096,16.5,0,5,0,0,0
"Kim Kamnikar","REC03","FOR","Shallow",2024-06-25,"Quist; Mendez",2,9,"Bedrock",9,2,0,0,3,0,62.5,37.5,0,0,0,0,0,0,0,0,0,0,0,0,0,0,0,0,0,0,0,0,0,0,0,0,0,0,0,0,0,3.66666666666667,4.33333333333333,0.816496580927726,0.577350269189626,12,20,6.096,16.5,0,5,0,0,0
"Kim Kamnikar","REC03","FOR","Shallow",2024-06-25,"Quist; Mendez",3,7,"Bedrock",18,10,0,0,13,1,37.5,50,0,12.5,0,0,0,0,0,0,0,0,0,0,0,0,0,0,0,0,0,0,0,0,0,0,0,0,0,0,0,3.64705882352941,4.5,0.996316746232607,0.707106781186548,NA,NA,5.7912,2,2,0,0,0,0
"Kim Kamnikar","REC03","FOR","Shallow",2024-06-25,"Quist; Mendez",3,9,"Bedrock",29,25,0,0,4,0,25,62.5,0,0,0,0,0,0,0,0,0,0,0,0,0,0,0,0,0,0,0,0,0,0,0,0,0,0,0,12.5,0,3.64705882352941,4.5,0.996316746232607,0.707106781186548,NA,NA,5.7912,2,2,0,0,0,0
"Kim Kamnikar","REC03","FOR","Shallow",2024-06-25,"Quist; Mendez",4,22,"Bedrock",2,2,0,0,9,0,12.5,75,0,0,0,0,0,0,0,0,0,0,0,0,0,0,12.5,0,0,0,0,0,0,0,0,0,0,0,0,0,0,3.28571428571429,NA,0.755928946018455,NA,2,2,7.9248,1,18,0,0,0,0
"Kim Kamnikar","REC03","FOR","Shallow",2024-06-25,"Quist; Mendez",4,24,"Bedrock",2,2,0,0,28,1,0,75,0,0,0,0,0,12.5,0,0,0,0,0,0,0,0,0,0,12.5,0,0,0,0,0,0,0,0,0,0,0,0,3.28571428571429,NA,0.755928946018455,NA,2,2,7.9248,1,18,0,0,0,0
"Rodrigo Mendez","REC04","BAR","Deep",2024-09-04,"Quist;Smith;Mendez",1,22,"Bedrock",9,0,2,0,7,2,25,50,0,0,0,0,12.5,0,12.5,0,0,0,0,0,0,0,0,0,0,0,0,0,0,0,0,0,0,0,0,0,0,3.13333333333333,5.22222222222222,0.351865775274498,1.092906420717,NA,NA,NA,NA,NA,NA,NA,NA,NA
"Rodrigo Mendez","REC04","BAR","Deep",2024-09-04,"Quist;Smith;Mendez",1,24,"Bedrock",14,0,4,2,11,0,0,62.5,0,0,0,0,25,0,0,0,0,0,0,0,0,0,0,12.5,0,0,0,0,0,0,0,0,0,0,0,0,0,3.13333333333333,5.22222222222222,0.351865775274498,1.092906420717,NA,NA,NA,NA,NA,NA,NA,NA,NA
"Rodrigo Mendez","REC04","BAR","Deep",2024-09-04,"Quist;Smith;Mendez",2,7,"Boulder",8,0,0,0,9,0,0,87.5,0,0,0,0,0,0,0,0,0,0,0,0,0,0,0,12.5,0,0,0,0,0,0,0,0,0,0,0,0,0,3.2,5.45454545454545,0.560611910581388,1.12815214963553,NA,NA,NA,NA,NA,NA,NA,NA,NA
"Rodrigo Mendez","REC04","BAR","Deep",2024-09-04,"Quist;Smith;Mendez",2,9,"Bedrock",18,0,4,1,9,7,0,87.5,0,0,0,12.5,0,0,0,0,0,0,0,0,0,0,0,0,0,0,0,0,0,0,0,0,0,0,0,0,0,3.2,5.45454545454545,0.560611910581388,1.12815214963553,NA,NA,NA,NA,NA,NA,NA,NA,NA
"Rodrigo Mendez","REC04","BAR","Deep",2024-09-04,"Quist;Smith;Mendez",3,7,"Bedrock",16,0,1,0,9,1,0,75,0,0,0,0,0,0,0,12.5,0,0,0,0,0,0,0,12.5,0,0,0,0,0,0,0,0,0,0,0,0,0,2.93333333333333,5.3,0.593616839704664,1.94650684275419,NA,NA,NA,NA,NA,NA,NA,NA,NA
"Rodrigo Mendez","REC04","BAR","Deep",2024-09-04,"Quist;Smith;Mendez",3,9,"Bedrock",11,0,3,0,15,0,12.5,87.5,0,0,0,0,0,0,0,0,0,0,0,0,0,0,0,0,0,0,0,0,0,0,0,0,0,0,0,0,0,2.93333333333333,5.3,0.593616839704664,1.94650684275419,NA,NA,NA,NA,NA,NA,NA,NA,NA
"Rodrigo Mendez","REC04","BAR","Deep",2024-09-04,"Quist;Smith;Mendez",4,22,"Boulder",14,0,4,0,5,0,0,87.5,0,0,0,0,0,0,0,12.5,0,0,0,0,0,0,0,0,0,0,0,0,0,0,0,0,0,0,0,0,0,3.8,5.53846153846154,0.94112394811432,1.6132464481796,NA,NA,NA,NA,NA,NA,NA,NA,NA
"Rodrigo Mendez","REC04","BAR","Deep",2024-09-04,"Quist;Smith;Mendez",4,24,"Boulder",12,0,2,0,5,0,0,75,0,0,0,0,12.5,0,0,0,12.5,0,0,0,0,0,0,0,0,0,0,0,0,0,0,0,0,0,0,0,0,3.8,5.53846153846154,0.94112394811432,1.6132464481796,NA,NA,NA,NA,NA,NA,NA,NA,NA
"Rodrigo Mendez","REC04","BAR","Deep",2024-09-04,"Smith;Quist;Mendez",1,26,"Bedrock",11,0,5,4,3,0,0,75,0,0,0,25,0,0,0,0,0,0,0,0,0,0,0,0,0,0,0,0,0,0,0,0,0,0,0,0,0,3.13333333333333,5.22222222222222,0.351865775274498,1.092906420717,NA,NA,NA,NA,NA,NA,NA,NA,NA
"Rodrigo Mendez","REC04","BAR","Deep",2024-09-04,"Smith;Quist;Mendez",1,28,"Bedrock",20,0,4,3,2,1,0,87.5,12.5,0,0,0,0,0,0,0,0,0,0,0,0,0,0,0,0,0,0,0,0,0,0,0,0,0,0,0,0,3.13333333333333,5.22222222222222,0.351865775274498,1.092906420717,NA,NA,NA,NA,NA,NA,NA,NA,NA
"Rodrigo Mendez","REC04","BAR","Deep",2024-09-04,"Smith;Quist;Mendez",2,11,"Bedrock",11,0,0,0,4,0,0,100,0,0,0,0,0,0,0,0,0,0,0,0,0,0,0,0,0,0,0,0,0,0,0,0,0,0,0,0,0,3.2,5.45454545454545,0.560611910581388,1.12815214963553,NA,NA,NA,NA,NA,NA,NA,NA,NA
"Rodrigo Mendez","REC04","BAR","Deep",2024-09-04,"Smith;Quist;Mendez",2,13,"Bedrock",5,0,5,0,1,0,0,75,0,12.5,0,0,12.5,0,0,0,0,0,0,0,0,0,0,0,0,0,0,0,0,0,0,0,0,0,0,0,0,3.2,5.45454545454545,0.560611910581388,1.12815214963553,NA,NA,NA,NA,NA,NA,NA,NA,NA
"Rodrigo Mendez","REC04","BAR","Deep",2024-09-04,"Smith;Quist;Mendez",3,11,"Bedrock",12,0,2,0,7,13,25,75,0,0,0,0,0,0,0,0,0,0,0,0,0,0,0,0,0,0,0,0,0,0,0,0,0,0,0,0,0,2.93333333333333,5.3,0.593616839704664,1.94650684275419,NA,NA,NA,NA,NA,NA,NA,NA,NA
"Rodrigo Mendez","REC04","BAR","Deep",2024-09-04,"Smith;Quist;Mendez",3,13,"Bedrock",11,0,3,0,5,0,12.5,75,0,0,0,0,12.5,0,0,0,0,0,0,0,0,0,0,0,0,0,0,0,0,0,0,0,0,0,0,0,0,2.93333333333333,5.3,0.593616839704664,1.94650684275419,NA,NA,NA,NA,NA,NA,NA,NA,NA
"Rodrigo Mendez","REC04","BAR","Deep",2024-09-04,"Smith;Quist;Mendez",4,26,"Bedrock",13,0,2,0,0,1,0,100,0,0,0,0,0,0,0,0,0,0,0,0,0,0,0,0,0,0,0,0,0,0,0,0,0,0,0,0,0,3.8,5.53846153846154,0.94112394811432,1.6132464481796,NA,NA,NA,NA,NA,NA,NA,NA,NA
"Rodrigo Mendez","REC04","BAR","Deep",2024-09-04,"Smith;Quist;Mendez",4,28,"Bedrock",12,0,0,0,2,4,0,100,0,0,0,0,0,0,0,0,0,0,0,0,0,0,0,0,0,0,0,0,0,0,0,0,0,0,0,0,0,3.8,5.53846153846154,0.94112394811432,1.6132464481796,NA,NA,NA,NA,NA,NA,NA,NA,NA
"Rodrigo Mendez","REC04","BAR","Shallow",2024-07-29,"Quist;Mendez;Smith",1,22,"Bedrock",24,0,7,0,8,0,0,100,0,0,0,0,0,0,0,0,0,0,0,0,0,0,0,0,0,0,0,0,0,0,0,0,0,0,0,0,0,2.66666666666667,6.53333333333333,0.487950036474267,0.833809387832792,NA,NA,NA,NA,NA,NA,NA,NA,NA
"Rodrigo Mendez","REC04","BAR","Shallow",2024-07-29,"Quist;Mendez;Smith",1,24,"Bedrock",14,0,3,0,16,0,0,37.5,0,0,0,0,62.5,0,0,0,0,0,0,0,0,0,0,0,0,0,0,0,0,0,0,0,0,0,0,0,0,2.66666666666667,6.53333333333333,0.487950036474267,0.833809387832792,NA,NA,NA,NA,NA,NA,NA,NA,NA
"Rodrigo Mendez","REC04","BAR","Shallow",2024-07-29,"Quist;Mendez;Smith",2,7,"Bedrock",31,0,0,0,18,0,0,87.5,0,0,0,0,0,0,0,0,0,0,0,0,12.5,0,0,0,0,0,0,0,0,0,0,0,0,0,0,0,0,4.2,6.52941176470588,0.676123403782813,0.717430053979439,NA,NA,NA,NA,NA,NA,NA,NA,NA
"Rodrigo Mendez","REC04","BAR","Shallow",2024-07-29,"Quist;Mendez;Smith",2,9,"Bedrock",16,0,4,0,17,1,12.5,25,0,0,0,0,62.5,0,0,0,0,0,0,0,0,0,0,0,0,0,0,0,0,0,0,0,0,0,0,0,0,4.2,6.52941176470588,0.676123403782813,0.717430053979439,NA,NA,NA,NA,NA,NA,NA,NA,NA
"Rodrigo Mendez","REC04","BAR","Shallow",2024-07-29,"Quist;Mendez;Smith",3,7,"Bedrock",23,0,6,2,6,0,0,75,0,0,0,0,25,0,0,0,0,0,0,0,0,0,0,0,0,0,0,0,0,0,0,0,0,0,0,0,0,3.4375,5.73333333333333,0.629152869605896,1.22279928657082,NA,NA,NA,NA,NA,NA,NA,NA,NA
"Rodrigo Mendez","REC04","BAR","Shallow",2024-07-29,"Quist;Mendez;Smith",3,9,"Bedrock",13,0,4,3,13,0,12.5,62.5,0,0,0,0,12.5,0,0,0,0,0,0,0,12.5,0,0,0,0,0,0,0,0,0,0,0,0,0,0,0,0,3.4375,5.73333333333333,0.629152869605896,1.22279928657082,NA,NA,NA,NA,NA,NA,NA,NA,NA
"Rodrigo Mendez","REC04","BAR","Shallow",2024-07-29,"Quist;Mendez;Smith",4,22,"Bedrock",19,0,3,0,14,0,12.5,75,0,0,0,0,12.5,0,0,0,0,0,0,0,0,0,0,0,0,0,0,0,0,0,0,0,0,0,0,0,0,2.6,4.92857142857143,0.736788397613007,1.07161170596054,NA,NA,NA,NA,NA,NA,NA,NA,NA
"Rodrigo Mendez","REC04","BAR","Shallow",2024-07-29,"Quist;Mendez;Smith",4,24,"Bedrock",26,1,1,0,19,0,12.5,87.5,0,0,0,0,0,0,0,0,0,0,0,0,0,0,0,0,0,0,0,0,0,0,0,0,0,0,0,0,0,2.6,4.92857142857143,0.736788397613007,1.07161170596054,NA,NA,NA,NA,NA,NA,NA,NA,NA
"Rodrigo Mendez","REC04","BAR","Shallow",2024-07-29,"Smith;Mendez;Quist",1,26,"Bedrock",21,0,1,0,3,1,0,100,0,0,0,0,0,0,0,0,0,0,0,0,0,0,0,0,0,0,0,0,0,0,0,0,0,0,0,0,0,2.66666666666667,6.53333333333333,0.487950036474267,0.833809387832792,NA,NA,NA,NA,NA,NA,NA,NA,NA
"Rodrigo Mendez","REC04","BAR","Shallow",2024-07-29,"Smith;Mendez;Quist",1,28,"Bedrock",14,0,5,0,6,0,0,100,0,0,0,0,0,0,0,0,0,0,0,0,0,0,0,0,0,0,0,0,0,0,0,0,0,0,0,0,0,2.66666666666667,6.53333333333333,0.487950036474267,0.833809387832792,NA,NA,NA,NA,NA,NA,NA,NA,NA
"Rodrigo Mendez","REC04","BAR","Shallow",2024-07-29,"Smith;Mendez;Quist",2,11,"Bedrock",24,0,1,0,11,0,0,50,0,0,0,0,50,0,0,0,0,0,0,0,0,0,0,0,0,0,0,0,0,0,0,0,0,0,0,0,0,4.2,6.52941176470588,0.676123403782813,0.717430053979439,NA,NA,NA,NA,NA,NA,NA,NA,NA
"Rodrigo Mendez","REC04","BAR","Shallow",2024-07-29,"Smith;Mendez;Quist",2,13,"Bedrock",18,1,1,0,7,0,0,100,0,0,0,0,0,0,0,0,0,0,0,0,0,0,0,0,0,0,0,0,0,0,0,0,0,0,0,0,0,4.2,6.52941176470588,0.676123403782813,0.717430053979439,NA,NA,NA,NA,NA,NA,NA,NA,NA
"Rodrigo Mendez","REC04","BAR","Shallow",2024-07-29,"Smith;Mendez;Quist",3,11,"Bedrock",27,0,3,0,2,0,0,50,0,0,0,0,50,0,0,0,0,0,0,0,0,0,0,0,0,0,0,0,0,0,0,0,0,0,0,0,0,3.4375,5.73333333333333,0.629152869605896,1.22279928657082,NA,NA,NA,NA,NA,NA,NA,NA,NA
"Rodrigo Mendez","REC04","BAR","Shallow",2024-07-29,"Smith;Mendez;Quist",3,13,"Bedrock",10,0,7,0,8,0,0,62.5,0,0,0,0,37.5,0,0,0,0,0,0,0,0,0,0,0,0,0,0,0,0,0,0,0,0,0,0,0,0,3.4375,5.73333333333333,0.629152869605896,1.22279928657082,NA,NA,NA,NA,NA,NA,NA,NA,NA
"Rodrigo Mendez","REC04","BAR","Shallow",2024-07-29,"Smith;Mendez;Quist",4,26,"Bedrock",27,0,1,0,4,0,0,75,0,0,0,12.5,0,0,0,0,0,0,0,0,0,0,0,0,0,0,0,0,0,0,0,0,0,0,0,12.5,0,2.6,4.92857142857143,0.736788397613007,1.07161170596054,NA,NA,NA,NA,NA,NA,NA,NA,NA
"Rodrigo Mendez","REC04","BAR","Shallow",2024-07-29,"Smith;Mendez;Quist",4,28,"Bedrock",15,0,4,0,2,0,0,62.5,0,0,0,0,37.5,0,0,0,0,0,0,0,0,0,0,0,0,0,0,0,0,0,0,0,0,0,0,0,0,2.6,4.92857142857143,0.736788397613007,1.07161170596054,NA,NA,NA,NA,NA,NA,NA,NA,NA
"Rodrigo Mendez","REC04","FOR","Deep",2024-07-29,"Morgan;Quist;Mendez",1,26,"Bedrock",5,5,1,1,2,0,0,37.5,0,0,0,12.5,0,0,0,0,0,12.5,0,25,0,0,0,0,0,0,0,0,12.5,0,0,0,0,0,0,0,0,4.5,NA,1.01904933073014,NA,1,7,11.5824,21,0,1,0,0,0
"Rodrigo Mendez","REC04","FOR","Deep",2024-07-29,"Morgan;Quist;Mendez",1,28,"Bedrock",1,1,0,0,0,0,0,37.5,25,0,0,25,0,0,0,0,0,0,0,0,0,0,0,0,12.5,0,0,0,0,0,0,0,0,0,0,0,0,4.5,NA,1.01904933073014,NA,1,7,11.5824,21,0,1,0,0,0
"Rodrigo Mendez","REC04","FOR","Deep",2024-07-29,"Morgan;Quist;Mendez",2,11,"Bedrock",1,1,0,0,6,0,0,37.5,0,0,12.5,0,0,0,0,0,12.5,0,0,0,0,12.5,0,0,0,0,0,0,25,0,0,0,0,0,0,0,0,4.73333333333333,NA,1.27988094684437,NA,NA,NA,10.668,10,0,2,0,0,0
"Rodrigo Mendez","REC04","FOR","Deep",2024-07-29,"Morgan;Quist;Mendez",2,13,"Bedrock",36,36,1,1,1,0,0,12.5,62.5,0,0,0,12.5,0,0,0,0,0,0,0,0,12.5,0,0,0,0,0,0,0,0,0,0,0,0,0,0,0,4.73333333333333,NA,1.27988094684437,NA,NA,NA,10.668,10,0,2,0,0,0
"Rodrigo Mendez","REC04","FOR","Deep",2024-07-29,"Morgan;Quist;Mendez",3,11,"Bedrock",3,3,0,0,3,0,12.5,0,50,0,12.5,0,0,0,0,0,0,0,0,12.5,0,0,0,0,0,0,0,0,12.5,0,0,0,0,0,0,0,0,4.42857142857143,NA,0.755928946018454,NA,3,11.3333333333333,9.4488,8,0,2,0,0,0
"Rodrigo Mendez","REC04","FOR","Deep",2024-07-29,"Morgan;Quist;Mendez",3,13,"Bedrock",12,12,1,1,1,0,37.5,0,25,0,12.5,0,0,0,0,0,0,0,0,25,0,0,0,0,0,0,0,0,0,0,0,0,0,0,0,0,0,4.42857142857143,NA,0.755928946018454,NA,3,11.3333333333333,9.4488,8,0,2,0,0,0
"Rodrigo Mendez","REC04","FOR","Deep",2024-07-29,"Morgan;Quist;Mendez",4,26,"Bedrock",6,6,0,0,0,0,12.5,12.5,37.5,12.5,0,0,0,0,0,0,0,0,0,25,0,0,0,0,0,0,0,0,0,0,0,0,0,0,0,0,0,4.6,NA,0.736788397613007,NA,3,29.6666666666667,10.0584,6,0,6,0,1,0
"Rodrigo Mendez","REC04","FOR","Deep",2024-07-29,"Morgan;Quist;Mendez",4,28,"Bedrock",6,6,0,0,0,0,37.5,0,25,0,0,0,12.5,0,0,0,0,0,0,0,0,12.5,0,0,0,0,0,0,12.5,0,0,0,0,0,0,0,0,4.6,NA,0.736788397613007,NA,3,29.6666666666667,10.0584,6,0,6,0,1,0
"Rodrigo Mendez","REC04","FOR","Deep",2024-07-29,"Quist;Morgan;Mendez",1,22,"Boulder",2,2,0,0,6,0,0,37.5,12.5,0,0,0,0,0,0,0,12.5,0,0,37.5,0,0,0,0,0,0,0,0,0,0,0,0,0,0,0,0,0,4.5,NA,1.01904933073014,NA,1,7,11.5824,21,0,1,0,0,0
"Rodrigo Mendez","REC04","FOR","Deep",2024-07-29,"Quist;Morgan;Mendez",1,24,"Boulder",0,0,0,0,2,1,0,62.5,0,0,0,0,12.5,0,0,0,0,0,0,0,0,0,12.5,0,12.5,0,0,0,0,0,0,0,0,0,0,0,0,4.5,NA,1.01904933073014,NA,1,7,11.5824,21,0,1,0,0,0
"Rodrigo Mendez","REC04","FOR","Deep",2024-07-29,"Quist;Morgan;Mendez",2,7,"Boulder",11,11,0,0,3,0,0,37.5,25,0,0,0,25,0,0,0,0,0,0,0,12.5,0,0,0,0,0,0,0,0,0,0,0,0,0,0,0,0,4.73333333333333,NA,1.27988094684437,NA,NA,NA,10.668,10,0,2,0,0,0
"Rodrigo Mendez","REC04","FOR","Deep",2024-07-29,"Quist;Morgan;Mendez",2,9,"Sand",0,0,0,0,5,0,0,25,12.5,0,0,0,0,0,0,0,62.5,0,0,0,0,0,0,0,0,0,0,0,0,0,0,0,0,0,0,0,0,4.73333333333333,NA,1.27988094684437,NA,NA,NA,10.668,10,0,2,0,0,0
"Rodrigo Mendez","REC04","FOR","Deep",2024-07-29,"Quist;Morgan;Mendez",3,7,"Sand",0,0,0,0,1,0,0,12.5,12.5,0,0,0,0,0,0,0,62.5,0,0,0,0,0,0,0,0,0,0,0,0,0,0,0,0,0,0,0,12.5,4.42857142857143,NA,0.755928946018454,NA,3,11.3333333333333,9.4488,8,0,2,0,0,0
"Rodrigo Mendez","REC04","FOR","Deep",2024-07-29,"Quist;Morgan;Mendez",3,9,"Boulder",2,2,0,0,1,0,0,25,0,0,0,0,12.5,0,0,0,0,0,0,25,0,0,0,0,0,0,0,0,25,12.5,0,0,0,0,0,0,0,4.42857142857143,NA,0.755928946018454,NA,3,11.3333333333333,9.4488,8,0,2,0,0,0
"Rodrigo Mendez","REC04","FOR","Deep",2024-07-29,"Quist;Morgan;Mendez",4,22,"Bedrock",0,0,0,0,3,0,0,0,0,0,0,0,12.5,0,0,0,0,0,0,25,0,0,0,0,0,0,0,0,62.5,0,0,0,0,0,0,0,0,4.6,NA,0.736788397613007,NA,3,29.6666666666667,10.0584,6,0,6,0,1,0
"Rodrigo Mendez","REC04","FOR","Deep",2024-07-29,"Quist;Morgan;Mendez",4,24,"Boulder",2,2,0,0,2,0,0,25,0,0,0,0,0,0,0,0,25,0,0,12.5,0,0,0,0,0,0,0,0,37.5,0,0,0,0,0,0,0,0,4.6,NA,0.736788397613007,NA,3,29.6666666666667,10.0584,6,0,6,0,1,0
"Rodrigo Mendez","REC04","INCIP","Deep",2024-07-22,"Mendez;Quist;Morgan",1,22,"Bedrock",4,1,0,0,7,3,0,62.5,0,0,0,0,37.5,0,0,0,0,0,0,0,0,0,0,0,0,0,0,0,0,0,0,0,0,0,0,0,0,3.86666666666667,NA,0.915475416434127,NA,6,31.6666666666667,9.7536,28,0,0,0,0,0
"Rodrigo Mendez","REC04","INCIP","Deep",2024-07-22,"Mendez;Quist;Morgan",1,24,"Bedrock",1,0,0,0,4,1,0,37.5,0,0,0,12.5,50,0,0,0,0,0,0,0,0,0,0,0,0,0,0,0,0,0,0,0,0,0,0,0,0,3.86666666666667,NA,0.915475416434127,NA,6,31.6666666666667,9.7536,28,0,0,0,0,0
"Rodrigo Mendez","REC04","INCIP","Deep",2024-07-22,"Mendez;Quist;Morgan",2,7,"Bedrock",10,3,0,0,4,0,0,12.5,87.5,0,0,0,0,0,0,0,0,0,0,0,0,0,0,0,0,0,0,0,0,0,0,0,0,0,0,0,0,4,5,0.845154254728517,NA,NA,NA,10.3632,10,1,1,0,0,0
"Rodrigo Mendez","REC04","INCIP","Deep",2024-07-22,"Mendez;Quist;Morgan",2,9,"Bedrock",14,4,0,0,6,0,0,87.5,0,0,0,0,12.5,0,0,0,0,0,0,0,0,0,0,0,0,0,0,0,0,0,0,0,0,0,0,0,0,4,5,0.845154254728517,NA,NA,NA,10.3632,10,1,1,0,0,0
"Rodrigo Mendez","REC04","INCIP","Deep",2024-07-22,"Mendez;Quist;Morgan",3,7,"Boulder",1,0,0,0,3,1,0,62.5,0,0,0,0,25,0,0,0,12.5,0,0,0,0,0,0,0,0,0,0,0,0,0,0,0,0,0,0,0,0,3.57142857142857,NA,0.755928946018454,NA,2,30.5,9.4488,12,1,0,0,0,0
"Rodrigo Mendez","REC04","INCIP","Deep",2024-07-22,"Mendez;Quist;Morgan",3,9,"Boulder",0,0,0,0,1,3,0,62.5,0,0,0,0,0,0,0,0,37.5,0,0,0,0,0,0,0,0,0,0,0,0,0,0,0,0,0,0,0,0,3.57142857142857,NA,0.755928946018454,NA,2,30.5,9.4488,12,1,0,0,0,0
"Rodrigo Mendez","REC04","INCIP","Deep",2024-07-22,"Mendez;Quist;Morgan",4,22,"Sand",0,0,0,0,0,0,0,25,0,0,0,0,0,0,0,0,75,0,0,0,0,0,0,0,0,0,0,0,0,0,0,0,0,0,0,0,0,3.58333333333333,NA,0.668557923421522,NA,5,14.6,10.3632,30,1,0,0,0,0
"Rodrigo Mendez","REC04","INCIP","Deep",2024-07-22,"Mendez;Quist;Morgan",4,24,"Sand",0,0,0,0,0,0,0,37.5,0,0,0,0,0,0,0,0,62.5,0,0,0,0,0,0,0,0,0,0,0,0,0,0,0,0,0,0,0,0,3.58333333333333,NA,0.668557923421522,NA,5,14.6,10.3632,30,1,0,0,0,0
"Rodrigo Mendez","REC04","INCIP","Deep",2024-07-22,"Quist;Mendez;Morgan",1,26,"Bedrock",2,2,0,0,8,0,0,25,0,0,0,12.5,50,0,0,0,0,0,0,12.5,0,0,0,0,0,0,0,0,0,0,0,0,0,0,0,0,0,3.86666666666667,NA,0.915475416434127,NA,6,31.6666666666667,9.7536,28,0,0,0,0,0
"Rodrigo Mendez","REC04","INCIP","Deep",2024-07-22,"Quist;Mendez;Morgan",1,28,"Bedrock",0,0,0,0,6,0,0,37.5,0,0,0,0,0,0,0,0,37.5,0,0,25,0,0,0,0,0,0,0,0,0,0,0,0,0,0,0,0,0,3.86666666666667,NA,0.915475416434127,NA,6,31.6666666666667,9.7536,28,0,0,0,0,0
"Rodrigo Mendez","REC04","INCIP","Deep",2024-07-22,"Quist;Mendez;Morgan",2,11,"Bedrock",17,17,2,2,8,0,0,0,75,0,0,0,0,0,0,0,0,0,0,25,0,0,0,0,0,0,0,0,0,0,0,0,0,0,0,0,0,4,5,0.845154254728517,NA,NA,NA,10.3632,10,1,1,0,0,0
"Rodrigo Mendez","REC04","INCIP","Deep",2024-07-22,"Quist;Mendez;Morgan",2,13,"Bedrock",2,2,0,0,7,0,0,0,0,0,0,0,25,0,0,0,0,0,0,37.5,0,0,37.5,0,0,0,0,0,0,0,0,0,0,0,0,0,0,4,5,0.845154254728517,NA,NA,NA,10.3632,10,1,1,0,0,0
"Rodrigo Mendez","REC04","INCIP","Deep",2024-07-22,"Quist;Mendez;Morgan",3,11,"Bedrock",18,16,0,0,4,0,0,50,0,0,0,0,0,0,0,0,0,0,0,37.5,0,0,0,0,0,0,0,0,12.5,0,0,0,0,0,0,0,0,3.57142857142857,NA,0.755928946018454,NA,2,30.5,9.4488,12,1,0,0,0,0
"Rodrigo Mendez","REC04","INCIP","Deep",2024-07-22,"Quist;Mendez;Morgan",3,13,"Bedrock",15,0,0,0,16,0,0,37.5,0,0,0,0,0,0,0,0,0,0,0,37.5,0,0,0,0,0,0,0,0,25,0,0,0,0,0,0,0,0,3.57142857142857,NA,0.755928946018454,NA,2,30.5,9.4488,12,1,0,0,0,0
"Rodrigo Mendez","REC04","INCIP","Deep",2024-07-22,"Quist;Mendez;Morgan",4,26,"Boulder",2,2,0,0,5,0,0,25,0,0,0,0,37.5,0,0,0,0,0,0,12.5,0,0,0,0,12.5,0,0,0,0,12.5,0,0,0,0,0,0,0,3.58333333333333,NA,0.668557923421522,NA,5,14.6,10.3632,30,1,0,0,0,0
"Rodrigo Mendez","REC04","INCIP","Deep",2024-07-22,"Quist;Mendez;Morgan",4,28,"Boulder",0,0,0,0,15,0,0,37.5,0,0,0,0,12.5,0,0,0,12.5,12.5,0,12.5,0,0,0,0,12.5,0,0,0,0,0,0,0,0,0,0,0,0,3.58333333333333,NA,0.668557923421522,NA,5,14.6,10.3632,30,1,0,0,0,0
"Rodrigo Mendez","REC04","INCIP","Shallow",2024-07-29,"Morgan;Quist;Mendez",1,26,"Bedrock",0,0,0,0,0,0,0,37.5,37.5,0,0,0,0,0,0,0,0,0,0,0,0,0,0,0,0,0,0,0,12.5,12.5,0,0,0,0,0,0,0,4,NA,0.845154254728517,NA,NA,NA,NA,NA,NA,NA,NA,NA,NA
"Rodrigo Mendez","REC04","INCIP","Shallow",2024-07-29,"Morgan;Quist;Mendez",1,28,"Boulder",3,3,0,0,0,0,25,25,0,0,0,0,0,0,0,0,37.5,0,0,0,0,0,0,0,0,0,0,0,12.5,0,0,0,0,0,0,0,0,4,NA,0.845154254728517,NA,NA,NA,NA,NA,NA,NA,NA,NA,NA
"Rodrigo Mendez","REC04","INCIP","Shallow",2024-07-29,"Morgan;Quist;Mendez",2,11,"Bedrock",72,60,0,0,1,0,0,12.5,37.5,0,0,0,0,0,0,0,0,0,0,37.5,0,0,0,0,0,0,0,0,12.5,0,0,0,0,0,0,0,0,4.8,NA,0.676123403782813,NA,NA,NA,NA,NA,NA,NA,NA,NA,NA
"Rodrigo Mendez","REC04","INCIP","Shallow",2024-07-29,"Morgan;Quist;Mendez",2,13,"Bedrock",15,15,0,0,0,0,0,12.5,12.5,0,0,0,0,0,0,0,0,0,0,75,0,0,0,0,0,0,0,0,0,0,0,0,0,0,0,0,0,4.8,NA,0.676123403782813,NA,NA,NA,NA,NA,NA,NA,NA,NA,NA
"Rodrigo Mendez","REC04","INCIP","Shallow",2024-07-29,"Morgan;Quist;Mendez",3,11,"Bedrock",9,9,0,0,0,0,0,0,12.5,0,0,0,0,0,0,0,0,0,0,75,0,0,12.5,0,0,0,0,0,0,0,0,0,0,0,0,0,0,4.6,NA,0.50709255283711,NA,NA,NA,NA,NA,NA,NA,NA,NA,NA
"Rodrigo Mendez","REC04","INCIP","Shallow",2024-07-29,"Morgan;Quist;Mendez",3,13,"Bedrock",12,12,0,0,0,0,0,12.5,50,0,0,0,0,0,0,0,0,0,0,37.5,0,0,0,0,0,0,0,0,0,0,0,0,0,0,0,0,0,4.6,NA,0.50709255283711,NA,NA,NA,NA,NA,NA,NA,NA,NA,NA
"Rodrigo Mendez","REC04","INCIP","Shallow",2024-07-29,"Morgan;Quist;Mendez",4,26,"Bedrock",21,18,0,0,0,0,12.5,12.5,25,0,0,0,0,0,0,0,0,0,0,50,0,0,0,0,0,0,0,0,0,0,0,0,0,0,0,0,0,4.8,5,0.414039335605413,NA,NA,NA,NA,NA,NA,NA,NA,NA,NA
"Rodrigo Mendez","REC04","INCIP","Shallow",2024-07-29,"Morgan;Quist;Mendez",4,28,"Bedrock",9,9,0,0,6,1,25,25,25,0,12.5,0,0,0,0,0,0,0,0,0,0,0,0,0,0,0,0,0,12.5,0,0,0,0,0,0,0,0,4.8,5,0.414039335605413,NA,NA,NA,NA,NA,NA,NA,NA,NA,NA
"Rodrigo Mendez","REC04","INCIP","Shallow",2024-07-29,"Quist;Morgan;Mendez",1,22,"Bedrock",1,1,0,0,2,0,25,25,37.5,0,0,0,0,0,0,0,12.5,0,0,0,0,0,0,0,0,0,0,0,0,0,0,0,0,0,0,0,0,4,NA,0.845154254728517,NA,NA,NA,NA,NA,NA,NA,NA,NA,NA
"Rodrigo Mendez","REC04","INCIP","Shallow",2024-07-29,"Quist;Morgan;Mendez",1,24,"Bedrock",0,0,0,0,3,0,37.5,25,12.5,0,0,0,0,0,0,0,12.5,0,0,12.5,0,0,0,0,0,0,0,0,0,0,0,0,0,0,0,0,0,4,NA,0.845154254728517,NA,NA,NA,NA,NA,NA,NA,NA,NA,NA
"Rodrigo Mendez","REC04","INCIP","Shallow",2024-07-29,"Quist;Morgan;Mendez",2,7,"Bedrock",7,5,0,0,0,0,0,0,0,0,0,0,0,0,0,0,0,12.5,0,37.5,0,0,0,0,0,0,0,0,50,0,0,0,0,0,0,0,0,4.8,NA,0.676123403782813,NA,NA,NA,NA,NA,NA,NA,NA,NA,NA
"Rodrigo Mendez","REC04","INCIP","Shallow",2024-07-29,"Quist;Morgan;Mendez",2,9,"Bedrock",5,5,0,0,4,0,0,12.5,12.5,0,0,0,12.5,0,0,0,0,0,0,12.5,0,0,0,0,0,0,0,0,50,0,0,0,0,0,0,0,0,4.8,NA,0.676123403782813,NA,NA,NA,NA,NA,NA,NA,NA,NA,NA
"Rodrigo Mendez","REC04","INCIP","Shallow",2024-07-29,"Quist;Morgan;Mendez",3,7,"Bedrock",7,6,0,0,4,0,12.5,12.5,37.5,0,12.5,0,0,0,0,0,0,0,0,12.5,0,0,0,0,0,0,0,0,12.5,0,0,0,0,0,0,0,0,4.6,NA,0.50709255283711,NA,NA,NA,NA,NA,NA,NA,NA,NA,NA
"Rodrigo Mendez","REC04","INCIP","Shallow",2024-07-29,"Quist;Morgan;Mendez",3,9,"Bedrock",8,7,0,0,2,0,12.5,0,12.5,0,0,0,12.5,0,0,0,12.5,0,0,0,0,0,0,0,12.5,0,0,0,25,0,0,12.5,0,0,0,0,0,4.6,NA,0.50709255283711,NA,NA,NA,NA,NA,NA,NA,NA,NA,NA
"Rodrigo Mendez","REC04","INCIP","Shallow",2024-07-29,"Quist;Morgan;Mendez",4,22,"Bedrock",8,4,1,1,2,0,12.5,25,25,0,0,0,37.5,0,0,0,0,0,0,0,0,0,0,0,0,0,0,0,0,0,0,0,0,0,0,0,0,4.8,5,0.414039335605413,NA,NA,NA,NA,NA,NA,NA,NA,NA,NA
"Rodrigo Mendez","REC04","INCIP","Shallow",2024-07-29,"Quist;Morgan;Mendez",4,24,"Boulder",0,0,0,0,5,1,25,12.5,12.5,0,0,0,0,0,0,0,12.5,0,0,0,0,0,12.5,0,25,0,0,0,0,0,0,0,0,0,0,0,0,4.8,5,0.414039335605413,NA,NA,NA,NA,NA,NA,NA,NA,NA,NA
